C:\Users\MSI\Desktop\bottles\IMG\img1.jpg,1
C:\Users\MSI\Desktop\bottles\IMG\img2.jpg,1
C:\Users\MSI\Desktop\bottles\IMG\img3.jpg,1
C:\Users\MSI\Desktop\bottles\IMG\img4.jpg,1
C:\Users\MSI\Desktop\bottles\IMG\img5.jpg,1
C:\Users\MSI\Desktop\bottles\IMG\img6.jpg,1
C:\Users\MSI\Desktop\bottles\IMG\img7.jpg,1
C:\Users\MSI\Desktop\bottles\IMG\img8.jpg,1
C:\Users\MSI\Desktop\bottles\IMG\img9.jpg,1
C:\Users\MSI\Desktop\bottles\IMG\img10.jpg,1
C:\Users\MSI\Desktop\bottles\IMG\img11.jpg,1
C:\Users\MSI\Desktop\bottles\IMG\img12.jpg,1
C:\Users\MSI\Desktop\bottles\IMG\img13.jpg,1
C:\Users\MSI\Desktop\bottles\IMG\img14.jpg,1
C:\Users\MSI\Desktop\bottles\IMG\img15.jpg,1
C:\Users\MSI\Desktop\bottles\IMG\img16.jpg,1
C:\Users\MSI\Desktop\bottles\IMG\img17.jpg,1
C:\Users\MSI\Desktop\bottles\IMG\img18.jpg,1
C:\Users\MSI\Desktop\bottles\IMG\img19.jpg,1
C:\Users\MSI\Desktop\bottles\IMG\img20.jpg,1
C:\Users\MSI\Desktop\bottles\IMG\img21.jpg,1
C:\Users\MSI\Desktop\bottles\IMG\img22.jpg,1
C:\Users\MSI\Desktop\bottles\IMG\img23.jpg,1
C:\Users\MSI\Desktop\bottles\IMG\img24.jpg,1
C:\Users\MSI\Desktop\bottles\IMG\img25.jpg,1
C:\Users\MSI\Desktop\bottles\IMG\img26.jpg,1
C:\Users\MSI\Desktop\bottles\IMG\img27.jpg,1
C:\Users\MSI\Desktop\bottles\IMG\img28.jpg,1
C:\Users\MSI\Desktop\bottles\IMG\img29.jpg,1
C:\Users\MSI\Desktop\bottles\IMG\img30.jpg,1
C:\Users\MSI\Desktop\bottles\IMG\img31.jpg,1
C:\Users\MSI\Desktop\bottles\IMG\img32.jpg,1
C:\Users\MSI\Desktop\bottles\IMG\img33.jpg,1
C:\Users\MSI\Desktop\bottles\IMG\img34.jpg,1
C:\Users\MSI\Desktop\bottles\IMG\img35.jpg,1
C:\Users\MSI\Desktop\bottles\IMG\img36.jpg,1
C:\Users\MSI\Desktop\bottles\IMG\img37.jpg,1
C:\Users\MSI\Desktop\bottles\IMG\img38.jpg,1
C:\Users\MSI\Desktop\bottles\IMG\img39.jpg,1
C:\Users\MSI\Desktop\bottles\IMG\img40.jpg,1
C:\Users\MSI\Desktop\bottles\IMG\img41.jpg,1
C:\Users\MSI\Desktop\bottles\IMG\img42.jpg,1
C:\Users\MSI\Desktop\bottles\IMG\img43.jpg,1
C:\Users\MSI\Desktop\bottles\IMG\img44.jpg,1
C:\Users\MSI\Desktop\bottles\IMG\img45.jpg,1
C:\Users\MSI\Desktop\bottles\IMG\img46.jpg,1
C:\Users\MSI\Desktop\bottles\IMG\img47.jpg,1
C:\Users\MSI\Desktop\bottles\IMG\img48.jpg,1
C:\Users\MSI\Desktop\bottles\IMG\img49.jpg,1
C:\Users\MSI\Desktop\bottles\IMG\img50.jpg,1
C:\Users\MSI\Desktop\bottles\IMG\img51.jpg,1
C:\Users\MSI\Desktop\bottles\IMG\img52.jpg,1
C:\Users\MSI\Desktop\bottles\IMG\img53.jpg,1
C:\Users\MSI\Desktop\bottles\IMG\img54.jpg,1
C:\Users\MSI\Desktop\bottles\IMG\img55.jpg,1
C:\Users\MSI\Desktop\bottles\IMG\img56.jpg,1
C:\Users\MSI\Desktop\bottles\IMG\img57.jpg,1
C:\Users\MSI\Desktop\bottles\IMG\img58.jpg,1
C:\Users\MSI\Desktop\bottles\IMG\img59.jpg,1
C:\Users\MSI\Desktop\bottles\IMG\img60.jpg,1
C:\Users\MSI\Desktop\bottles\IMG\img61.jpg,1
C:\Users\MSI\Desktop\bottles\IMG\img62.jpg,1
C:\Users\MSI\Desktop\bottles\IMG\img63.jpg,1
C:\Users\MSI\Desktop\bottles\IMG\img64.jpg,1
C:\Users\MSI\Desktop\bottles\IMG\img65.jpg,1
C:\Users\MSI\Desktop\bottles\IMG\img66.jpg,1
C:\Users\MSI\Desktop\bottles\IMG\img67.jpg,1
C:\Users\MSI\Desktop\bottles\IMG\img68.jpg,1
C:\Users\MSI\Desktop\bottles\IMG\img69.jpg,1
C:\Users\MSI\Desktop\bottles\IMG\img70.jpg,1
C:\Users\MSI\Desktop\bottles\IMG\img71.jpg,1
C:\Users\MSI\Desktop\bottles\IMG\img72.jpg,1
C:\Users\MSI\Desktop\bottles\IMG\img73.jpg,1
C:\Users\MSI\Desktop\bottles\IMG\img74.jpg,1
C:\Users\MSI\Desktop\bottles\IMG\img75.jpg,1
C:\Users\MSI\Desktop\bottles\IMG\img76.jpg,1
C:\Users\MSI\Desktop\bottles\IMG\img77.jpg,1
C:\Users\MSI\Desktop\bottles\IMG\img78.jpg,1
C:\Users\MSI\Desktop\bottles\IMG\img79.jpg,1
C:\Users\MSI\Desktop\bottles\IMG\img80.jpg,1
C:\Users\MSI\Desktop\bottles\IMG\img81.jpg,1
C:\Users\MSI\Desktop\bottles\IMG\img82.jpg,1
C:\Users\MSI\Desktop\bottles\IMG\img83.jpg,1
C:\Users\MSI\Desktop\bottles\IMG\img84.jpg,1
C:\Users\MSI\Desktop\bottles\IMG\img85.jpg,1
C:\Users\MSI\Desktop\bottles\IMG\img86.jpg,1
C:\Users\MSI\Desktop\bottles\IMG\img87.jpg,1
C:\Users\MSI\Desktop\bottles\IMG\img88.jpg,1
C:\Users\MSI\Desktop\bottles\IMG\img89.jpg,1
C:\Users\MSI\Desktop\bottles\IMG\img90.jpg,1
C:\Users\MSI\Desktop\bottles\IMG\img91.jpg,1
C:\Users\MSI\Desktop\bottles\IMG\img92.jpg,1
C:\Users\MSI\Desktop\bottles\IMG\img93.jpg,1
C:\Users\MSI\Desktop\bottles\IMG\img94.jpg,1
C:\Users\MSI\Desktop\bottles\IMG\img95.jpg,1
C:\Users\MSI\Desktop\bottles\IMG\img96.jpg,1
C:\Users\MSI\Desktop\bottles\IMG\img97.jpg,1
C:\Users\MSI\Desktop\bottles\IMG\img98.jpg,1
C:\Users\MSI\Desktop\bottles\IMG\img99.jpg,1
C:\Users\MSI\Desktop\bottles\IMG\img100.jpg,1
C:\Users\MSI\Desktop\bottles\IMG\img101.jpg,1
C:\Users\MSI\Desktop\bottles\IMG\img102.jpg,1
C:\Users\MSI\Desktop\bottles\IMG\img103.jpg,1
C:\Users\MSI\Desktop\bottles\IMG\img104.jpg,1
C:\Users\MSI\Desktop\bottles\IMG\img105.jpg,1
C:\Users\MSI\Desktop\bottles\IMG\img106.jpg,1
C:\Users\MSI\Desktop\bottles\IMG\img107.jpg,1
C:\Users\MSI\Desktop\bottles\IMG\img108.jpg,1
C:\Users\MSI\Desktop\bottles\IMG\img109.jpg,1
C:\Users\MSI\Desktop\bottles\IMG\img110.jpg,1
C:\Users\MSI\Desktop\bottles\IMG\img111.jpg,1
C:\Users\MSI\Desktop\bottles\IMG\img112.jpg,1
C:\Users\MSI\Desktop\bottles\IMG\img113.jpg,1
C:\Users\MSI\Desktop\bottles\IMG\img114.jpg,1
C:\Users\MSI\Desktop\bottles\IMG\img115.jpg,1
C:\Users\MSI\Desktop\bottles\IMG\img116.jpg,1
C:\Users\MSI\Desktop\bottles\IMG\img117.jpg,1
C:\Users\MSI\Desktop\bottles\IMG\img118.jpg,1
C:\Users\MSI\Desktop\bottles\IMG\img119.jpg,1
C:\Users\MSI\Desktop\bottles\IMG\img120.jpg,1
C:\Users\MSI\Desktop\bottles\IMG\img121.jpg,1
C:\Users\MSI\Desktop\bottles\IMG\img122.jpg,1
C:\Users\MSI\Desktop\bottles\IMG\img123.jpg,1
C:\Users\MSI\Desktop\bottles\IMG\img124.jpg,1
C:\Users\MSI\Desktop\bottles\IMG\img125.jpg,1
C:\Users\MSI\Desktop\bottles\IMG\img126.jpg,1
C:\Users\MSI\Desktop\bottles\IMG\img127.jpg,1
C:\Users\MSI\Desktop\bottles\IMG\img128.jpg,1
C:\Users\MSI\Desktop\bottles\IMG\img129.jpg,1
C:\Users\MSI\Desktop\bottles\IMG\img130.jpg,1
C:\Users\MSI\Desktop\bottles\IMG\img131.jpg,1
C:\Users\MSI\Desktop\bottles\IMG\img132.jpg,1
C:\Users\MSI\Desktop\bottles\IMG\img133.jpg,1
C:\Users\MSI\Desktop\bottles\IMG\img134.jpg,1
C:\Users\MSI\Desktop\bottles\IMG\img135.jpg,1
C:\Users\MSI\Desktop\bottles\IMG\img136.jpg,1
C:\Users\MSI\Desktop\bottles\IMG\img137.jpg,1
C:\Users\MSI\Desktop\bottles\IMG\img138.jpg,1
C:\Users\MSI\Desktop\bottles\IMG\img139.jpg,1
C:\Users\MSI\Desktop\bottles\IMG\img140.jpg,1
C:\Users\MSI\Desktop\bottles\IMG\img141.jpg,1
C:\Users\MSI\Desktop\bottles\IMG\img142.jpg,1
C:\Users\MSI\Desktop\bottles\IMG\img143.jpg,1
C:\Users\MSI\Desktop\bottles\IMG\img144.jpg,1
C:\Users\MSI\Desktop\bottles\IMG\img145.jpg,1
C:\Users\MSI\Desktop\bottles\IMG\img146.jpg,1
C:\Users\MSI\Desktop\bottles\IMG\img147.jpg,1
C:\Users\MSI\Desktop\bottles\IMG\img148.jpg,1
C:\Users\MSI\Desktop\bottles\IMG\img149.jpg,1
C:\Users\MSI\Desktop\bottles\IMG\img150.jpg,1
C:\Users\MSI\Desktop\bottles\IMG\img151.jpg,1
C:\Users\MSI\Desktop\bottles\IMG\img152.jpg,1
C:\Users\MSI\Desktop\bottles\IMG\img153.jpg,1
C:\Users\MSI\Desktop\bottles\IMG\img154.jpg,1
C:\Users\MSI\Desktop\bottles\IMG\img155.jpg,1
C:\Users\MSI\Desktop\bottles\IMG\img156.jpg,1
C:\Users\MSI\Desktop\bottles\IMG\img157.jpg,1
C:\Users\MSI\Desktop\bottles\IMG\img158.jpg,1
C:\Users\MSI\Desktop\bottles\IMG\img159.jpg,1
C:\Users\MSI\Desktop\bottles\IMG\img160.jpg,1
C:\Users\MSI\Desktop\bottles\IMG\img161.jpg,1
C:\Users\MSI\Desktop\bottles\IMG\img162.jpg,1
C:\Users\MSI\Desktop\bottles\IMG\img163.jpg,1
C:\Users\MSI\Desktop\bottles\IMG\img164.jpg,1
C:\Users\MSI\Desktop\bottles\IMG\img165.jpg,1
C:\Users\MSI\Desktop\bottles\IMG\img166.jpg,1
C:\Users\MSI\Desktop\bottles\IMG\img167.jpg,1
C:\Users\MSI\Desktop\bottles\IMG\img168.jpg,1
C:\Users\MSI\Desktop\bottles\IMG\img169.jpg,1
C:\Users\MSI\Desktop\bottles\IMG\img170.jpg,1
C:\Users\MSI\Desktop\bottles\IMG\img171.jpg,1
C:\Users\MSI\Desktop\bottles\IMG\img172.jpg,1
C:\Users\MSI\Desktop\bottles\IMG\img173.jpg,1
C:\Users\MSI\Desktop\bottles\IMG\img174.jpg,1
C:\Users\MSI\Desktop\bottles\IMG\img175.jpg,1
C:\Users\MSI\Desktop\bottles\IMG\img176.jpg,1
C:\Users\MSI\Desktop\bottles\IMG\img177.jpg,1
C:\Users\MSI\Desktop\bottles\IMG\img178.jpg,1
C:\Users\MSI\Desktop\bottles\IMG\img179.jpg,1
C:\Users\MSI\Desktop\bottles\IMG\img180.jpg,1
C:\Users\MSI\Desktop\bottles\IMG\img181.jpg,1
C:\Users\MSI\Desktop\bottles\IMG\img182.jpg,1
C:\Users\MSI\Desktop\bottles\IMG\img183.jpg,1
C:\Users\MSI\Desktop\bottles\IMG\img184.jpg,1
C:\Users\MSI\Desktop\bottles\IMG\img185.jpg,1
C:\Users\MSI\Desktop\bottles\IMG\img186.jpg,1
C:\Users\MSI\Desktop\bottles\IMG\img187.jpg,1
C:\Users\MSI\Desktop\bottles\IMG\img188.jpg,1
C:\Users\MSI\Desktop\bottles\IMG\img189.jpg,1
C:\Users\MSI\Desktop\bottles\IMG\img190.jpg,1
C:\Users\MSI\Desktop\bottles\IMG\img191.jpg,1
C:\Users\MSI\Desktop\bottles\IMG\img192.jpg,1
C:\Users\MSI\Desktop\bottles\IMG\img193.jpg,1
C:\Users\MSI\Desktop\bottles\IMG\img194.jpg,1
C:\Users\MSI\Desktop\bottles\IMG\img195.jpg,1
C:\Users\MSI\Desktop\bottles\IMG\img196.jpg,1
C:\Users\MSI\Desktop\bottles\IMG\img197.jpg,1
C:\Users\MSI\Desktop\bottles\IMG\img198.jpg,1
C:\Users\MSI\Desktop\bottles\IMG\img199.jpg,1
C:\Users\MSI\Desktop\bottles\IMG\img200.jpg,1
C:\Users\MSI\Desktop\bottles\IMG\img201.jpg,1
C:\Users\MSI\Desktop\bottles\IMG\img202.jpg,1
C:\Users\MSI\Desktop\bottles\IMG\img203.jpg,1
C:\Users\MSI\Desktop\bottles\IMG\img204.jpg,1
C:\Users\MSI\Desktop\bottles\IMG\img205.jpg,1
C:\Users\MSI\Desktop\bottles\IMG\img206.jpg,1
C:\Users\MSI\Desktop\bottles\IMG\img207.jpg,1
C:\Users\MSI\Desktop\bottles\IMG\img208.jpg,1
C:\Users\MSI\Desktop\bottles\IMG\img209.jpg,1
C:\Users\MSI\Desktop\bottles\IMG\img210.jpg,1
C:\Users\MSI\Desktop\bottles\IMG\img211.jpg,1
C:\Users\MSI\Desktop\bottles\IMG\img212.jpg,1
C:\Users\MSI\Desktop\bottles\IMG\img213.jpg,1
C:\Users\MSI\Desktop\bottles\IMG\img214.jpg,1
C:\Users\MSI\Desktop\bottles\IMG\img215.jpg,1
C:\Users\MSI\Desktop\bottles\IMG\img216.jpg,1
C:\Users\MSI\Desktop\bottles\IMG\img217.jpg,1
C:\Users\MSI\Desktop\bottles\IMG\img218.jpg,1
C:\Users\MSI\Desktop\bottles\IMG\img219.jpg,1
C:\Users\MSI\Desktop\bottles\IMG\img220.jpg,1
C:\Users\MSI\Desktop\bottles\IMG\img221.jpg,1
C:\Users\MSI\Desktop\bottles\IMG\img222.jpg,1
C:\Users\MSI\Desktop\bottles\IMG\img223.jpg,1
C:\Users\MSI\Desktop\bottles\IMG\img224.jpg,1
C:\Users\MSI\Desktop\bottles\IMG\img225.jpg,1
C:\Users\MSI\Desktop\bottles\IMG\img226.jpg,1
C:\Users\MSI\Desktop\bottles\IMG\img227.jpg,1
C:\Users\MSI\Desktop\bottles\IMG\img228.jpg,1
C:\Users\MSI\Desktop\bottles\IMG\img229.jpg,1
C:\Users\MSI\Desktop\bottles\IMG\img230.jpg,1
C:\Users\MSI\Desktop\bottles\IMG\img231.jpg,1
C:\Users\MSI\Desktop\bottles\IMG\img232.jpg,1
C:\Users\MSI\Desktop\bottles\IMG\img233.jpg,1
C:\Users\MSI\Desktop\bottles\IMG\img234.jpg,1
C:\Users\MSI\Desktop\bottles\IMG\img235.jpg,1
C:\Users\MSI\Desktop\bottles\IMG\img236.jpg,1
C:\Users\MSI\Desktop\bottles\IMG\img237.jpg,1
C:\Users\MSI\Desktop\bottles\IMG\img238.jpg,1
C:\Users\MSI\Desktop\bottles\IMG\img239.jpg,1
C:\Users\MSI\Desktop\bottles\IMG\img240.jpg,1
C:\Users\MSI\Desktop\bottles\IMG\img241.jpg,1
C:\Users\MSI\Desktop\bottles\IMG\img242.jpg,1
C:\Users\MSI\Desktop\bottles\IMG\img243.jpg,1
C:\Users\MSI\Desktop\bottles\IMG\img244.jpg,1
C:\Users\MSI\Desktop\bottles\IMG\img245.jpg,1
C:\Users\MSI\Desktop\bottles\IMG\img246.jpg,1
C:\Users\MSI\Desktop\bottles\IMG\img247.jpg,1
C:\Users\MSI\Desktop\bottles\IMG\img248.jpg,1
C:\Users\MSI\Desktop\bottles\IMG\img249.jpg,1
C:\Users\MSI\Desktop\bottles\IMG\img250.jpg,1
C:\Users\MSI\Desktop\bottles\IMG\img251.jpg,1
C:\Users\MSI\Desktop\bottles\IMG\img252.jpg,1
C:\Users\MSI\Desktop\bottles\IMG\img253.jpg,1
C:\Users\MSI\Desktop\bottles\IMG\img254.jpg,1
C:\Users\MSI\Desktop\bottles\IMG\img255.jpg,1
C:\Users\MSI\Desktop\bottles\IMG\img256.jpg,1
C:\Users\MSI\Desktop\bottles\IMG\img257.jpg,1
C:\Users\MSI\Desktop\bottles\IMG\img258.jpg,1
C:\Users\MSI\Desktop\bottles\IMG\img259.jpg,1
C:\Users\MSI\Desktop\bottles\IMG\img260.jpg,1
C:\Users\MSI\Desktop\bottles\IMG\img261.jpg,1
C:\Users\MSI\Desktop\bottles\IMG\img262.jpg,1
C:\Users\MSI\Desktop\bottles\IMG\img263.jpg,1
C:\Users\MSI\Desktop\bottles\IMG\img264.jpg,1
C:\Users\MSI\Desktop\bottles\IMG\img265.jpg,1
C:\Users\MSI\Desktop\bottles\IMG\img266.jpg,1
C:\Users\MSI\Desktop\bottles\IMG\img267.jpg,1
C:\Users\MSI\Desktop\bottles\IMG\img268.jpg,1
C:\Users\MSI\Desktop\bottles\IMG\img269.jpg,1
C:\Users\MSI\Desktop\bottles\IMG\img270.jpg,1
C:\Users\MSI\Desktop\bottles\IMG\img271.jpg,1
C:\Users\MSI\Desktop\bottles\IMG\img272.jpg,1
C:\Users\MSI\Desktop\bottles\IMG\img273.jpg,1
C:\Users\MSI\Desktop\bottles\IMG\img274.jpg,1
C:\Users\MSI\Desktop\bottles\IMG\img275.jpg,1
C:\Users\MSI\Desktop\bottles\IMG\img276.jpg,1
C:\Users\MSI\Desktop\bottles\IMG\img277.jpg,1
C:\Users\MSI\Desktop\bottles\IMG\img278.jpg,1
C:\Users\MSI\Desktop\bottles\IMG\img279.jpg,1
C:\Users\MSI\Desktop\bottles\IMG\img280.jpg,1
C:\Users\MSI\Desktop\bottles\IMG\img281.jpg,1
C:\Users\MSI\Desktop\bottles\IMG\img282.jpg,1
C:\Users\MSI\Desktop\bottles\IMG\img283.jpg,1
C:\Users\MSI\Desktop\bottles\IMG\img284.jpg,1
C:\Users\MSI\Desktop\bottles\IMG\img285.jpg,1
C:\Users\MSI\Desktop\bottles\IMG\img286.jpg,1
C:\Users\MSI\Desktop\bottles\IMG\img287.jpg,1
C:\Users\MSI\Desktop\bottles\IMG\img288.jpg,1
C:\Users\MSI\Desktop\bottles\IMG\img289.jpg,1
C:\Users\MSI\Desktop\bottles\IMG\img290.jpg,1
C:\Users\MSI\Desktop\bottles\IMG\img291.jpg,1
C:\Users\MSI\Desktop\bottles\IMG\img292.jpg,1
C:\Users\MSI\Desktop\bottles\IMG\img293.jpg,1
C:\Users\MSI\Desktop\bottles\IMG\img294.jpg,1
C:\Users\MSI\Desktop\bottles\IMG\img295.jpg,1
C:\Users\MSI\Desktop\bottles\IMG\img296.jpg,1
C:\Users\MSI\Desktop\bottles\IMG\img297.jpg,1
C:\Users\MSI\Desktop\bottles\IMG\img298.jpg,1
C:\Users\MSI\Desktop\bottles\IMG\img299.jpg,1
C:\Users\MSI\Desktop\bottles\IMG\img300.jpg,1
C:\Users\MSI\Desktop\bottles\IMG\img301.jpg,1
C:\Users\MSI\Desktop\bottles\IMG\img302.jpg,1
C:\Users\MSI\Desktop\bottles\IMG\img303.jpg,1
C:\Users\MSI\Desktop\bottles\IMG\img304.jpg,1
C:\Users\MSI\Desktop\bottles\IMG\img305.jpg,1
C:\Users\MSI\Desktop\bottles\IMG\img306.jpg,1
C:\Users\MSI\Desktop\bottles\IMG\img307.jpg,1
C:\Users\MSI\Desktop\bottles\IMG\img308.jpg,1
C:\Users\MSI\Desktop\bottles\IMG\img309.jpg,1
C:\Users\MSI\Desktop\bottles\IMG\img310.jpg,1
C:\Users\MSI\Desktop\bottles\IMG\img311.jpg,1
C:\Users\MSI\Desktop\bottles\IMG\img312.jpg,1
C:\Users\MSI\Desktop\bottles\IMG\img313.jpg,1
C:\Users\MSI\Desktop\bottles\IMG\img314.jpg,1
C:\Users\MSI\Desktop\bottles\IMG\img315.jpg,1
C:\Users\MSI\Desktop\bottles\IMG\img316.jpg,1
C:\Users\MSI\Desktop\bottles\IMG\img317.jpg,1
C:\Users\MSI\Desktop\bottles\IMG\img318.jpg,1
C:\Users\MSI\Desktop\bottles\IMG\img319.jpg,1
C:\Users\MSI\Desktop\bottles\IMG\img320.jpg,1
C:\Users\MSI\Desktop\bottles\IMG\img321.jpg,1
C:\Users\MSI\Desktop\bottles\IMG\img322.jpg,1
C:\Users\MSI\Desktop\bottles\IMG\img323.jpg,1
C:\Users\MSI\Desktop\bottles\IMG\img324.jpg,1
C:\Users\MSI\Desktop\bottles\IMG\img325.jpg,1
C:\Users\MSI\Desktop\bottles\IMG\img326.jpg,1
C:\Users\MSI\Desktop\bottles\IMG\img327.jpg,1
C:\Users\MSI\Desktop\bottles\IMG\img328.jpg,1
C:\Users\MSI\Desktop\bottles\IMG\img329.jpg,1
C:\Users\MSI\Desktop\bottles\IMG\img330.jpg,1
C:\Users\MSI\Desktop\bottles\IMG\img331.jpg,1
C:\Users\MSI\Desktop\bottles\IMG\img332.jpg,1
C:\Users\MSI\Desktop\bottles\IMG\img333.jpg,1
C:\Users\MSI\Desktop\bottles\IMG\img334.jpg,1
C:\Users\MSI\Desktop\bottles\IMG\img335.jpg,1
C:\Users\MSI\Desktop\bottles\IMG\img336.jpg,1
C:\Users\MSI\Desktop\bottles\IMG\img337.jpg,1
C:\Users\MSI\Desktop\bottles\IMG\img338.jpg,1
C:\Users\MSI\Desktop\bottles\IMG\img339.jpg,1
C:\Users\MSI\Desktop\bottles\IMG\img340.jpg,1
C:\Users\MSI\Desktop\bottles\IMG\img341.jpg,1
C:\Users\MSI\Desktop\bottles\IMG\img342.jpg,1
C:\Users\MSI\Desktop\bottles\IMG\img343.jpg,1
C:\Users\MSI\Desktop\bottles\IMG\img344.jpg,1
C:\Users\MSI\Desktop\bottles\IMG\img345.jpg,1
C:\Users\MSI\Desktop\bottles\IMG\img346.jpg,1
C:\Users\MSI\Desktop\bottles\IMG\img347.jpg,1
C:\Users\MSI\Desktop\bottles\IMG\img348.jpg,1
C:\Users\MSI\Desktop\bottles\IMG\img349.jpg,1
C:\Users\MSI\Desktop\bottles\IMG\img350.jpg,1
C:\Users\MSI\Desktop\bottles\IMG\img351.jpg,1
C:\Users\MSI\Desktop\bottles\IMG\img352.jpg,1
C:\Users\MSI\Desktop\bottles\IMG\img353.jpg,1
C:\Users\MSI\Desktop\bottles\IMG\img354.jpg,1
C:\Users\MSI\Desktop\bottles\IMG\img355.jpg,1
C:\Users\MSI\Desktop\bottles\IMG\img356.jpg,1
C:\Users\MSI\Desktop\bottles\IMG\img357.jpg,1
C:\Users\MSI\Desktop\bottles\IMG\img358.jpg,1
C:\Users\MSI\Desktop\bottles\IMG\img359.jpg,1
C:\Users\MSI\Desktop\bottles\IMG\img360.jpg,1
C:\Users\MSI\Desktop\bottles\IMG\img361.jpg,1
C:\Users\MSI\Desktop\bottles\IMG\img362.jpg,1
C:\Users\MSI\Desktop\bottles\IMG\img363.jpg,1
C:\Users\MSI\Desktop\bottles\IMG\img364.jpg,1
C:\Users\MSI\Desktop\bottles\IMG\img365.jpg,1
C:\Users\MSI\Desktop\bottles\IMG\img366.jpg,1
C:\Users\MSI\Desktop\bottles\IMG\img367.jpg,1
C:\Users\MSI\Desktop\bottles\IMG\img368.jpg,1
C:\Users\MSI\Desktop\bottles\IMG\img369.jpg,1
C:\Users\MSI\Desktop\bottles\IMG\img370.jpg,1
C:\Users\MSI\Desktop\bottles\IMG\img371.jpg,1
C:\Users\MSI\Desktop\bottles\IMG\img372.jpg,1
C:\Users\MSI\Desktop\bottles\IMG\img373.jpg,1
C:\Users\MSI\Desktop\bottles\IMG\img374.jpg,1
C:\Users\MSI\Desktop\bottles\IMG\img375.jpg,1
C:\Users\MSI\Desktop\bottles\IMG\img376.jpg,1
C:\Users\MSI\Desktop\bottles\IMG\img377.jpg,1
C:\Users\MSI\Desktop\bottles\IMG\img378.jpg,1
C:\Users\MSI\Desktop\bottles\IMG\img379.jpg,1
C:\Users\MSI\Desktop\bottles\IMG\img380.jpg,1
C:\Users\MSI\Desktop\bottles\IMG\img381.jpg,1
C:\Users\MSI\Desktop\bottles\IMG\img382.jpg,1
C:\Users\MSI\Desktop\bottles\IMG\img383.jpg,1
C:\Users\MSI\Desktop\bottles\IMG\img384.jpg,1
C:\Users\MSI\Desktop\bottles\IMG\img385.jpg,1
C:\Users\MSI\Desktop\bottles\IMG\img386.jpg,1
C:\Users\MSI\Desktop\bottles\IMG\img387.jpg,1
C:\Users\MSI\Desktop\bottles\IMG\img388.jpg,1
C:\Users\MSI\Desktop\bottles\IMG\img389.jpg,1
C:\Users\MSI\Desktop\bottles\IMG\img390.jpg,1
C:\Users\MSI\Desktop\bottles\IMG\img391.jpg,1
C:\Users\MSI\Desktop\bottles\IMG\img392.jpg,1
C:\Users\MSI\Desktop\bottles\IMG\img393.jpg,1
C:\Users\MSI\Desktop\bottles\IMG\img394.jpg,1
C:\Users\MSI\Desktop\bottles\IMG\img395.jpg,1
C:\Users\MSI\Desktop\bottles\IMG\img396.jpg,1
C:\Users\MSI\Desktop\bottles\IMG\img397.jpg,1
C:\Users\MSI\Desktop\bottles\IMG\img398.jpg,1
C:\Users\MSI\Desktop\bottles\IMG\img399.jpg,1
C:\Users\MSI\Desktop\bottles\IMG\img400.jpg,1
C:\Users\MSI\Desktop\bottles\IMG\img401.jpg,1
C:\Users\MSI\Desktop\bottles\IMG\img402.jpg,1
C:\Users\MSI\Desktop\bottles\IMG\img403.jpg,1
C:\Users\MSI\Desktop\bottles\IMG\img404.jpg,1
C:\Users\MSI\Desktop\bottles\IMG\img405.jpg,1
C:\Users\MSI\Desktop\bottles\IMG\img406.jpg,1
C:\Users\MSI\Desktop\bottles\IMG\img407.jpg,1
C:\Users\MSI\Desktop\bottles\IMG\img408.jpg,1
C:\Users\MSI\Desktop\bottles\IMG\img409.jpg,1
C:\Users\MSI\Desktop\bottles\IMG\img410.jpg,1
C:\Users\MSI\Desktop\bottles\IMG\img411.jpg,1
C:\Users\MSI\Desktop\bottles\IMG\img412.jpg,1
C:\Users\MSI\Desktop\bottles\IMG\img413.jpg,1
C:\Users\MSI\Desktop\bottles\IMG\img414.jpg,1
C:\Users\MSI\Desktop\bottles\IMG\img415.jpg,1
C:\Users\MSI\Desktop\bottles\IMG\img416.jpg,1
C:\Users\MSI\Desktop\bottles\IMG\img417.jpg,1
C:\Users\MSI\Desktop\bottles\IMG\img418.jpg,1
C:\Users\MSI\Desktop\bottles\IMG\img419.jpg,1
C:\Users\MSI\Desktop\bottles\IMG\img420.jpg,1
C:\Users\MSI\Desktop\bottles\IMG\img421.jpg,1
C:\Users\MSI\Desktop\bottles\IMG\img422.jpg,1
C:\Users\MSI\Desktop\bottles\IMG\img423.jpg,1
C:\Users\MSI\Desktop\bottles\IMG\img424.jpg,1
C:\Users\MSI\Desktop\bottles\IMG\img425.jpg,1
C:\Users\MSI\Desktop\bottles\IMG\img426.jpg,1
C:\Users\MSI\Desktop\bottles\IMG\img427.jpg,1
C:\Users\MSI\Desktop\bottles\IMG\img428.jpg,1
C:\Users\MSI\Desktop\bottles\IMG\img429.jpg,1
C:\Users\MSI\Desktop\bottles\IMG\img430.jpg,1
C:\Users\MSI\Desktop\bottles\IMG\img431.jpg,1
C:\Users\MSI\Desktop\bottles\IMG\img432.jpg,1
C:\Users\MSI\Desktop\bottles\IMG\img433.jpg,1
C:\Users\MSI\Desktop\bottles\IMG\img434.jpg,1
C:\Users\MSI\Desktop\bottles\IMG\img435.jpg,1
C:\Users\MSI\Desktop\bottles\IMG\img436.jpg,1
C:\Users\MSI\Desktop\bottles\IMG\img437.jpg,1
C:\Users\MSI\Desktop\bottles\IMG\img438.jpg,1
C:\Users\MSI\Desktop\bottles\IMG\img439.jpg,1
C:\Users\MSI\Desktop\bottles\IMG\img440.jpg,1
C:\Users\MSI\Desktop\bottles\IMG\img441.jpg,1
C:\Users\MSI\Desktop\bottles\IMG\img442.jpg,1
C:\Users\MSI\Desktop\bottles\IMG\img443.jpg,1
C:\Users\MSI\Desktop\bottles\IMG\img444.jpg,1
C:\Users\MSI\Desktop\bottles\IMG\img445.jpg,1
C:\Users\MSI\Desktop\bottles\IMG\img446.jpg,1
C:\Users\MSI\Desktop\bottles\IMG\img447.jpg,1
C:\Users\MSI\Desktop\bottles\IMG\img448.jpg,1
C:\Users\MSI\Desktop\bottles\IMG\img449.jpg,1
C:\Users\MSI\Desktop\bottles\IMG\img450.jpg,1
C:\Users\MSI\Desktop\bottles\IMG\img451.jpg,1
C:\Users\MSI\Desktop\bottles\IMG\img452.jpg,1
C:\Users\MSI\Desktop\bottles\IMG\img453.jpg,1
C:\Users\MSI\Desktop\bottles\IMG\img454.jpg,1
C:\Users\MSI\Desktop\bottles\IMG\img455.jpg,1
C:\Users\MSI\Desktop\bottles\IMG\img456.jpg,1
C:\Users\MSI\Desktop\bottles\IMG\img457.jpg,1
C:\Users\MSI\Desktop\bottles\IMG\img458.jpg,1
C:\Users\MSI\Desktop\bottles\IMG\img459.jpg,1
C:\Users\MSI\Desktop\bottles\IMG\img460.jpg,1
C:\Users\MSI\Desktop\bottles\IMG\img461.jpg,1
C:\Users\MSI\Desktop\bottles\IMG\img462.jpg,1
C:\Users\MSI\Desktop\bottles\IMG\img463.jpg,1
C:\Users\MSI\Desktop\bottles\IMG\img464.jpg,1
C:\Users\MSI\Desktop\bottles\IMG\img465.jpg,1
C:\Users\MSI\Desktop\bottles\IMG\img466.jpg,1
C:\Users\MSI\Desktop\bottles\IMG\img467.jpg,1
C:\Users\MSI\Desktop\bottles\IMG\img468.jpg,1
C:\Users\MSI\Desktop\bottles\IMG\img469.jpg,1
C:\Users\MSI\Desktop\bottles\IMG\img470.jpg,1
C:\Users\MSI\Desktop\bottles\IMG\img471.jpg,1
C:\Users\MSI\Desktop\bottles\IMG\img472.jpg,1
C:\Users\MSI\Desktop\bottles\IMG\img473.jpg,1
C:\Users\MSI\Desktop\bottles\IMG\img474.jpg,1
C:\Users\MSI\Desktop\bottles\IMG\img475.jpg,1
C:\Users\MSI\Desktop\bottles\IMG\img476.jpg,1
C:\Users\MSI\Desktop\bottles\IMG\img477.jpg,1
C:\Users\MSI\Desktop\bottles\IMG\img478.jpg,1
C:\Users\MSI\Desktop\bottles\IMG\img479.jpg,1
C:\Users\MSI\Desktop\bottles\IMG\img480.jpg,1
C:\Users\MSI\Desktop\bottles\IMG\img481.jpg,1
C:\Users\MSI\Desktop\bottles\IMG\img482.jpg,1
C:\Users\MSI\Desktop\bottles\IMG\img483.jpg,1
C:\Users\MSI\Desktop\bottles\IMG\img484.jpg,1
C:\Users\MSI\Desktop\bottles\IMG\img485.jpg,1
C:\Users\MSI\Desktop\bottles\IMG\img486.jpg,1
C:\Users\MSI\Desktop\bottles\IMG\img487.jpg,1
C:\Users\MSI\Desktop\bottles\IMG\img488.jpg,1
C:\Users\MSI\Desktop\bottles\IMG\img489.jpg,1
C:\Users\MSI\Desktop\bottles\IMG\img490.jpg,1
C:\Users\MSI\Desktop\bottles\IMG\img491.jpg,1
C:\Users\MSI\Desktop\bottles\IMG\img492.jpg,1
C:\Users\MSI\Desktop\bottles\IMG\img493.jpg,1
C:\Users\MSI\Desktop\bottles\IMG\img494.jpg,1
C:\Users\MSI\Desktop\bottles\IMG\img495.jpg,1
C:\Users\MSI\Desktop\bottles\IMG\img496.jpg,1
C:\Users\MSI\Desktop\bottles\IMG\img497.jpg,1
C:\Users\MSI\Desktop\bottles\IMG\img498.jpg,1
C:\Users\MSI\Desktop\bottles\IMG\img499.jpg,1
C:\Users\MSI\Desktop\bottles\IMG\img500.jpg,1
C:\Users\MSI\Desktop\bottles\IMG\img501.jpg,1
C:\Users\MSI\Desktop\bottles\IMG\img502.jpg,1
C:\Users\MSI\Desktop\bottles\IMG\img503.jpg,1
C:\Users\MSI\Desktop\bottles\IMG\img504.jpg,1
C:\Users\MSI\Desktop\bottles\IMG\img505.jpg,1
C:\Users\MSI\Desktop\bottles\IMG\img506.jpg,1
C:\Users\MSI\Desktop\bottles\IMG\img507.jpg,1
C:\Users\MSI\Desktop\bottles\IMG\img508.jpg,1
C:\Users\MSI\Desktop\bottles\IMG\img509.jpg,1
C:\Users\MSI\Desktop\bottles\IMG\img510.jpg,1
C:\Users\MSI\Desktop\bottles\IMG\img511.jpg,1
C:\Users\MSI\Desktop\bottles\IMG\img512.jpg,1
C:\Users\MSI\Desktop\bottles\IMG\img513.jpg,1
C:\Users\MSI\Desktop\bottles\IMG\img514.jpg,1
C:\Users\MSI\Desktop\bottles\IMG\img515.jpg,1
C:\Users\MSI\Desktop\bottles\IMG\img516.jpg,1
C:\Users\MSI\Desktop\bottles\IMG\img517.jpg,1
C:\Users\MSI\Desktop\bottles\IMG\img518.jpg,1
C:\Users\MSI\Desktop\bottles\IMG\img519.jpg,1
C:\Users\MSI\Desktop\bottles\IMG\img520.jpg,1
C:\Users\MSI\Desktop\bottles\IMG\img521.jpg,1
C:\Users\MSI\Desktop\bottles\IMG\img522.jpg,1
C:\Users\MSI\Desktop\bottles\IMG\img523.jpg,1
C:\Users\MSI\Desktop\bottles\IMG\img524.jpg,1
C:\Users\MSI\Desktop\bottles\IMG\img525.jpg,1
C:\Users\MSI\Desktop\bottles\IMG\img526.jpg,1
C:\Users\MSI\Desktop\bottles\IMG\img527.jpg,1
C:\Users\MSI\Desktop\bottles\IMG\img528.jpg,1
C:\Users\MSI\Desktop\bottles\IMG\img529.jpg,1
C:\Users\MSI\Desktop\bottles\IMG\img530.jpg,1
C:\Users\MSI\Desktop\bottles\IMG\img531.jpg,1
C:\Users\MSI\Desktop\bottles\IMG\img532.jpg,1
C:\Users\MSI\Desktop\bottles\IMG\img533.jpg,1
C:\Users\MSI\Desktop\bottles\IMG\img534.jpg,1
C:\Users\MSI\Desktop\bottles\IMG\img535.jpg,1
C:\Users\MSI\Desktop\bottles\IMG\img536.jpg,1
C:\Users\MSI\Desktop\bottles\IMG\img537.jpg,1
C:\Users\MSI\Desktop\bottles\IMG\img538.jpg,1
C:\Users\MSI\Desktop\bottles\IMG\img539.jpg,1
C:\Users\MSI\Desktop\bottles\IMG\img540.jpg,1
C:\Users\MSI\Desktop\bottles\IMG\img541.jpg,1
C:\Users\MSI\Desktop\bottles\IMG\img542.jpg,1
C:\Users\MSI\Desktop\bottles\IMG\img543.jpg,1
C:\Users\MSI\Desktop\bottles\IMG\img544.jpg,1
C:\Users\MSI\Desktop\bottles\IMG\img545.jpg,1
C:\Users\MSI\Desktop\bottles\IMG\img546.jpg,1
C:\Users\MSI\Desktop\bottles\IMG\img547.jpg,1
C:\Users\MSI\Desktop\bottles\IMG\img548.jpg,1
C:\Users\MSI\Desktop\bottles\IMG\img549.jpg,1
C:\Users\MSI\Desktop\bottles\IMG\img550.jpg,1
C:\Users\MSI\Desktop\bottles\IMG\img551.jpg,1
C:\Users\MSI\Desktop\bottles\IMG\img552.jpg,1
C:\Users\MSI\Desktop\bottles\IMG\img553.jpg,1
C:\Users\MSI\Desktop\bottles\IMG\img554.jpg,1
C:\Users\MSI\Desktop\bottles\IMG\img555.jpg,1
C:\Users\MSI\Desktop\bottles\IMG\img556.jpg,1
C:\Users\MSI\Desktop\bottles\IMG\img557.jpg,1
C:\Users\MSI\Desktop\bottles\IMG\img558.jpg,1
C:\Users\MSI\Desktop\bottles\IMG\img559.jpg,1
C:\Users\MSI\Desktop\bottles\IMG\img560.jpg,1
C:\Users\MSI\Desktop\bottles\IMG\img561.jpg,1
C:\Users\MSI\Desktop\bottles\IMG\img562.jpg,1
C:\Users\MSI\Desktop\bottles\IMG\img563.jpg,1
C:\Users\MSI\Desktop\bottles\IMG\img564.jpg,1
C:\Users\MSI\Desktop\bottles\IMG\img565.jpg,1
C:\Users\MSI\Desktop\bottles\IMG\img566.jpg,1
C:\Users\MSI\Desktop\bottles\IMG\img567.jpg,1
C:\Users\MSI\Desktop\bottles\IMG\img568.jpg,1
C:\Users\MSI\Desktop\bottles\IMG\img569.jpg,1
C:\Users\MSI\Desktop\bottles\IMG\img570.jpg,1
C:\Users\MSI\Desktop\bottles\IMG\img571.jpg,1
C:\Users\MSI\Desktop\bottles\IMG\img572.jpg,1
C:\Users\MSI\Desktop\bottles\IMG\img573.jpg,1
C:\Users\MSI\Desktop\bottles\IMG\img574.jpg,1
C:\Users\MSI\Desktop\bottles\IMG\img575.jpg,1
C:\Users\MSI\Desktop\bottles\IMG\img576.jpg,1
C:\Users\MSI\Desktop\bottles\IMG\img577.jpg,1
C:\Users\MSI\Desktop\bottles\IMG\img578.jpg,1
C:\Users\MSI\Desktop\bottles\IMG\img579.jpg,1
C:\Users\MSI\Desktop\bottles\IMG\img580.jpg,1
C:\Users\MSI\Desktop\bottles\IMG\img581.jpg,1
C:\Users\MSI\Desktop\bottles\IMG\img582.jpg,1
C:\Users\MSI\Desktop\bottles\IMG\img583.jpg,1
C:\Users\MSI\Desktop\bottles\IMG\img584.jpg,1
C:\Users\MSI\Desktop\bottles\IMG\img585.jpg,1
C:\Users\MSI\Desktop\bottles\IMG\img586.jpg,1
C:\Users\MSI\Desktop\bottles\IMG\img587.jpg,1
C:\Users\MSI\Desktop\bottles\IMG\img588.jpg,1
C:\Users\MSI\Desktop\bottles\IMG\img589.jpg,1
C:\Users\MSI\Desktop\bottles\IMG\img590.jpg,1
C:\Users\MSI\Desktop\bottles\IMG\img591.jpg,1
C:\Users\MSI\Desktop\bottles\IMG\img592.jpg,1
C:\Users\MSI\Desktop\bottles\IMG\img593.jpg,1
C:\Users\MSI\Desktop\bottles\IMG\img594.jpg,1
C:\Users\MSI\Desktop\bottles\IMG\img595.jpg,1
C:\Users\MSI\Desktop\bottles\IMG\img596.jpg,1
C:\Users\MSI\Desktop\bottles\IMG\img597.jpg,1
C:\Users\MSI\Desktop\bottles\IMG\img598.jpg,1
C:\Users\MSI\Desktop\bottles\IMG\img599.jpg,1
C:\Users\MSI\Desktop\bottles\IMG\img600.jpg,1
C:\Users\MSI\Desktop\bottles\IMG\img601.jpg,1
C:\Users\MSI\Desktop\bottles\IMG\img602.jpg,1
C:\Users\MSI\Desktop\bottles\IMG\img603.jpg,1
C:\Users\MSI\Desktop\bottles\IMG\img604.jpg,1
C:\Users\MSI\Desktop\bottles\IMG\img605.jpg,1
C:\Users\MSI\Desktop\bottles\IMG\img606.jpg,1
C:\Users\MSI\Desktop\bottles\IMG\img607.jpg,1
C:\Users\MSI\Desktop\bottles\IMG\img608.jpg,1
C:\Users\MSI\Desktop\bottles\IMG\img609.jpg,1
C:\Users\MSI\Desktop\bottles\IMG\img610.jpg,1
C:\Users\MSI\Desktop\bottles\IMG\img611.jpg,1
C:\Users\MSI\Desktop\bottles\IMG\img612.jpg,1
C:\Users\MSI\Desktop\bottles\IMG\img613.jpg,1
C:\Users\MSI\Desktop\bottles\IMG\img614.jpg,1
C:\Users\MSI\Desktop\bottles\IMG\img615.jpg,1
C:\Users\MSI\Desktop\bottles\IMG\img616.jpg,1
C:\Users\MSI\Desktop\bottles\IMG\img617.jpg,1
C:\Users\MSI\Desktop\bottles\IMG\img618.jpg,1
C:\Users\MSI\Desktop\bottles\IMG\img619.jpg,1
C:\Users\MSI\Desktop\bottles\IMG\img620.jpg,1
C:\Users\MSI\Desktop\bottles\IMG\img621.jpg,1
C:\Users\MSI\Desktop\bottles\IMG\img622.jpg,1
C:\Users\MSI\Desktop\bottles\IMG\img623.jpg,1
C:\Users\MSI\Desktop\bottles\IMG\img624.jpg,1
C:\Users\MSI\Desktop\bottles\IMG\img625.jpg,1
C:\Users\MSI\Desktop\bottles\IMG\img626.jpg,1
C:\Users\MSI\Desktop\bottles\IMG\img627.jpg,1
C:\Users\MSI\Desktop\bottles\IMG\img628.jpg,1
C:\Users\MSI\Desktop\bottles\IMG\img629.jpg,1
C:\Users\MSI\Desktop\bottles\IMG\img630.jpg,1
C:\Users\MSI\Desktop\bottles\IMG\img631.jpg,1
C:\Users\MSI\Desktop\bottles\IMG\img632.jpg,1
C:\Users\MSI\Desktop\bottles\IMG\img633.jpg,1
C:\Users\MSI\Desktop\bottles\IMG\img634.jpg,1
C:\Users\MSI\Desktop\bottles\IMG\img635.jpg,1
C:\Users\MSI\Desktop\bottles\IMG\img636.jpg,1
C:\Users\MSI\Desktop\bottles\IMG\img637.jpg,1
C:\Users\MSI\Desktop\bottles\IMG\img638.jpg,1
C:\Users\MSI\Desktop\bottles\IMG\img639.jpg,1
C:\Users\MSI\Desktop\bottles\IMG\img640.jpg,1
C:\Users\MSI\Desktop\bottles\IMG\img641.jpg,1
C:\Users\MSI\Desktop\bottles\IMG\img642.jpg,1
C:\Users\MSI\Desktop\bottles\IMG\img643.jpg,1
C:\Users\MSI\Desktop\bottles\IMG\img644.jpg,1
C:\Users\MSI\Desktop\bottles\IMG\img645.jpg,1
C:\Users\MSI\Desktop\bottles\IMG\img646.jpg,1
C:\Users\MSI\Desktop\bottles\IMG\img647.jpg,1
C:\Users\MSI\Desktop\bottles\IMG\img648.jpg,1
C:\Users\MSI\Desktop\bottles\IMG\img649.jpg,1
C:\Users\MSI\Desktop\bottles\IMG\img650.jpg,1
C:\Users\MSI\Desktop\bottles\IMG\img651.jpg,1
C:\Users\MSI\Desktop\bottles\IMG\img652.jpg,1
C:\Users\MSI\Desktop\bottles\IMG\img653.jpg,1
C:\Users\MSI\Desktop\bottles\IMG\img654.jpg,1
C:\Users\MSI\Desktop\bottles\IMG\img655.jpg,1
C:\Users\MSI\Desktop\bottles\IMG\img656.jpg,1
C:\Users\MSI\Desktop\bottles\IMG\img657.jpg,1
C:\Users\MSI\Desktop\bottles\IMG\img658.jpg,1
C:\Users\MSI\Desktop\bottles\IMG\img659.jpg,1
C:\Users\MSI\Desktop\bottles\IMG\img660.jpg,1
C:\Users\MSI\Desktop\bottles\IMG\img661.jpg,1
C:\Users\MSI\Desktop\bottles\IMG\img662.jpg,1
C:\Users\MSI\Desktop\bottles\IMG\img663.jpg,1
C:\Users\MSI\Desktop\bottles\IMG\img664.jpg,1
C:\Users\MSI\Desktop\bottles\IMG\img665.jpg,1
C:\Users\MSI\Desktop\bottles\IMG\img666.jpg,1
C:\Users\MSI\Desktop\bottles\IMG\img667.jpg,1
C:\Users\MSI\Desktop\bottles\IMG\img668.jpg,1
C:\Users\MSI\Desktop\bottles\IMG\img669.jpg,1
C:\Users\MSI\Desktop\bottles\IMG\img670.jpg,1
C:\Users\MSI\Desktop\bottles\IMG\img671.jpg,1
C:\Users\MSI\Desktop\bottles\IMG\img672.jpg,1
C:\Users\MSI\Desktop\bottles\IMG\img673.jpg,1
C:\Users\MSI\Desktop\bottles\IMG\img674.jpg,1
C:\Users\MSI\Desktop\bottles\IMG\img675.jpg,1
C:\Users\MSI\Desktop\bottles\IMG\img676.jpg,1
C:\Users\MSI\Desktop\bottles\IMG\img677.jpg,1
C:\Users\MSI\Desktop\bottles\IMG\img678.jpg,1
C:\Users\MSI\Desktop\bottles\IMG\img679.jpg,1
C:\Users\MSI\Desktop\bottles\IMG\img680.jpg,1
C:\Users\MSI\Desktop\bottles\IMG\img681.jpg,1
C:\Users\MSI\Desktop\bottles\IMG\img682.jpg,1
C:\Users\MSI\Desktop\bottles\IMG\img683.jpg,1
C:\Users\MSI\Desktop\bottles\IMG\img684.jpg,1
C:\Users\MSI\Desktop\bottles\IMG\img685.jpg,1
C:\Users\MSI\Desktop\bottles\IMG\img686.jpg,1
C:\Users\MSI\Desktop\bottles\IMG\img687.jpg,1
C:\Users\MSI\Desktop\bottles\IMG\img688.jpg,1
C:\Users\MSI\Desktop\bottles\IMG\img689.jpg,1
C:\Users\MSI\Desktop\bottles\IMG\img690.jpg,1
C:\Users\MSI\Desktop\bottles\IMG\img691.jpg,1
C:\Users\MSI\Desktop\bottles\IMG\img692.jpg,1
C:\Users\MSI\Desktop\bottles\IMG\img693.jpg,1
C:\Users\MSI\Desktop\bottles\IMG\img694.jpg,1
C:\Users\MSI\Desktop\bottles\IMG\img695.jpg,1
C:\Users\MSI\Desktop\bottles\IMG\img696.jpg,1
C:\Users\MSI\Desktop\bottles\IMG\img697.jpg,1
C:\Users\MSI\Desktop\bottles\IMG\img698.jpg,1
C:\Users\MSI\Desktop\bottles\IMG\img699.jpg,1
C:\Users\MSI\Desktop\bottles\IMG\img700.jpg,1
C:\Users\MSI\Desktop\bottles\IMG\img701.jpg,1
C:\Users\MSI\Desktop\bottles\IMG\img702.jpg,1
C:\Users\MSI\Desktop\bottles\IMG\img703.jpg,1
C:\Users\MSI\Desktop\bottles\IMG\img704.jpg,1
C:\Users\MSI\Desktop\bottles\IMG\img705.jpg,1
C:\Users\MSI\Desktop\bottles\IMG\img706.jpg,1
C:\Users\MSI\Desktop\bottles\IMG\img707.jpg,1
C:\Users\MSI\Desktop\bottles\IMG\img708.jpg,1
C:\Users\MSI\Desktop\bottles\IMG\img709.jpg,1
C:\Users\MSI\Desktop\bottles\IMG\img710.jpg,1
C:\Users\MSI\Desktop\bottles\IMG\img711.jpg,1
C:\Users\MSI\Desktop\bottles\IMG\img712.jpg,1
C:\Users\MSI\Desktop\bottles\IMG\img713.jpg,1
C:\Users\MSI\Desktop\bottles\IMG\img714.jpg,1
C:\Users\MSI\Desktop\bottles\IMG\img715.jpg,1
C:\Users\MSI\Desktop\bottles\IMG\img716.jpg,1
C:\Users\MSI\Desktop\bottles\IMG\img717.jpg,1
C:\Users\MSI\Desktop\bottles\IMG\img718.jpg,1
C:\Users\MSI\Desktop\bottles\IMG\img719.jpg,1
C:\Users\MSI\Desktop\bottles\IMG\img720.jpg,1
C:\Users\MSI\Desktop\bottles\IMG\img721.jpg,1
C:\Users\MSI\Desktop\bottles\IMG\img722.jpg,1
C:\Users\MSI\Desktop\bottles\IMG\img723.jpg,1
C:\Users\MSI\Desktop\bottles\IMG\img724.jpg,1
C:\Users\MSI\Desktop\bottles\IMG\img725.jpg,1
C:\Users\MSI\Desktop\bottles\IMG\img726.jpg,1
C:\Users\MSI\Desktop\bottles\IMG\img727.jpg,1
C:\Users\MSI\Desktop\bottles\IMG\img728.jpg,1
C:\Users\MSI\Desktop\bottles\IMG\img729.jpg,1
C:\Users\MSI\Desktop\bottles\IMG\img730.jpg,1
C:\Users\MSI\Desktop\bottles\IMG\img731.jpg,1
C:\Users\MSI\Desktop\bottles\IMG\img732.jpg,1
C:\Users\MSI\Desktop\bottles\IMG\img733.jpg,1
C:\Users\MSI\Desktop\bottles\IMG\img734.jpg,1
C:\Users\MSI\Desktop\bottles\IMG\img735.jpg,1
C:\Users\MSI\Desktop\bottles\IMG\img736.jpg,1
C:\Users\MSI\Desktop\bottles\IMG\img737.jpg,1
C:\Users\MSI\Desktop\bottles\IMG\img738.jpg,1
C:\Users\MSI\Desktop\bottles\IMG\img739.jpg,1
C:\Users\MSI\Desktop\bottles\IMG\img740.jpg,1
C:\Users\MSI\Desktop\bottles\IMG\img741.jpg,1
C:\Users\MSI\Desktop\bottles\IMG\img742.jpg,1
C:\Users\MSI\Desktop\bottles\IMG\img743.jpg,1
C:\Users\MSI\Desktop\bottles\IMG\img744.jpg,1
C:\Users\MSI\Desktop\bottles\IMG\img745.jpg,1
C:\Users\MSI\Desktop\bottles\IMG\img746.jpg,1
C:\Users\MSI\Desktop\bottles\IMG\img747.jpg,1
C:\Users\MSI\Desktop\bottles\IMG\img748.jpg,1
C:\Users\MSI\Desktop\bottles\IMG\img749.jpg,1
C:\Users\MSI\Desktop\bottles\IMG\img750.jpg,1
C:\Users\MSI\Desktop\bottles\IMG\img751.jpg,1
C:\Users\MSI\Desktop\bottles\IMG\img752.jpg,1
C:\Users\MSI\Desktop\bottles\IMG\img753.jpg,1
C:\Users\MSI\Desktop\bottles\IMG\img754.jpg,1
C:\Users\MSI\Desktop\bottles\IMG\img755.jpg,1
C:\Users\MSI\Desktop\bottles\IMG\img756.jpg,1
C:\Users\MSI\Desktop\bottles\IMG\img757.jpg,1
C:\Users\MSI\Desktop\bottles\IMG\img758.jpg,1
C:\Users\MSI\Desktop\bottles\IMG\img759.jpg,1
C:\Users\MSI\Desktop\bottles\IMG\img760.jpg,1
C:\Users\MSI\Desktop\bottles\IMG\img761.jpg,1
C:\Users\MSI\Desktop\bottles\IMG\img762.jpg,1
C:\Users\MSI\Desktop\bottles\IMG\img763.jpg,1
C:\Users\MSI\Desktop\bottles\IMG\img764.jpg,1
C:\Users\MSI\Desktop\bottles\IMG\img765.jpg,1
C:\Users\MSI\Desktop\bottles\IMG\img766.jpg,1
C:\Users\MSI\Desktop\bottles\IMG\img767.jpg,1
C:\Users\MSI\Desktop\bottles\IMG\img768.jpg,1
C:\Users\MSI\Desktop\bottles\IMG\img769.jpg,1
C:\Users\MSI\Desktop\bottles\IMG\img770.jpg,1
C:\Users\MSI\Desktop\bottles\IMG\img771.jpg,1
C:\Users\MSI\Desktop\bottles\IMG\img772.jpg,1
C:\Users\MSI\Desktop\bottles\IMG\img773.jpg,1
C:\Users\MSI\Desktop\bottles\IMG\img774.jpg,1
C:\Users\MSI\Desktop\bottles\IMG\img775.jpg,1
C:\Users\MSI\Desktop\bottles\IMG\img776.jpg,1
C:\Users\MSI\Desktop\bottles\IMG\img777.jpg,1
C:\Users\MSI\Desktop\bottles\IMG\img778.jpg,1
C:\Users\MSI\Desktop\bottles\IMG\img779.jpg,1
C:\Users\MSI\Desktop\bottles\IMG\img780.jpg,1
C:\Users\MSI\Desktop\bottles\IMG\img781.jpg,1
C:\Users\MSI\Desktop\bottles\IMG\img782.jpg,1
C:\Users\MSI\Desktop\bottles\IMG\img783.jpg,1
C:\Users\MSI\Desktop\bottles\IMG\img784.jpg,1
C:\Users\MSI\Desktop\bottles\IMG\img785.jpg,1
C:\Users\MSI\Desktop\bottles\IMG\img786.jpg,1
C:\Users\MSI\Desktop\bottles\IMG\img787.jpg,1
C:\Users\MSI\Desktop\bottles\IMG\img788.jpg,1
C:\Users\MSI\Desktop\bottles\IMG\img789.jpg,1
C:\Users\MSI\Desktop\bottles\IMG\img790.jpg,1
C:\Users\MSI\Desktop\bottles\IMG\img791.jpg,1
C:\Users\MSI\Desktop\bottles\IMG\img792.jpg,1
C:\Users\MSI\Desktop\bottles\IMG\img793.jpg,1
C:\Users\MSI\Desktop\bottles\IMG\img794.jpg,1
C:\Users\MSI\Desktop\bottles\IMG\img795.jpg,1
C:\Users\MSI\Desktop\bottles\IMG\img796.jpg,1
C:\Users\MSI\Desktop\bottles\IMG\img797.jpg,1
C:\Users\MSI\Desktop\bottles\IMG\img798.jpg,1
C:\Users\MSI\Desktop\bottles\IMG\img799.jpg,1
C:\Users\MSI\Desktop\bottles\IMG\img800.jpg,1
C:\Users\MSI\Desktop\bottles\IMG\img801.jpg,1
C:\Users\MSI\Desktop\bottles\IMG\img802.jpg,1
C:\Users\MSI\Desktop\bottles\IMG\img803.jpg,1
C:\Users\MSI\Desktop\bottles\IMG\img804.jpg,1
C:\Users\MSI\Desktop\bottles\IMG\img805.jpg,1
C:\Users\MSI\Desktop\bottles\IMG\img806.jpg,1
C:\Users\MSI\Desktop\bottles\IMG\img807.jpg,1
C:\Users\MSI\Desktop\bottles\IMG\img808.jpg,1
C:\Users\MSI\Desktop\bottles\IMG\img809.jpg,1
C:\Users\MSI\Desktop\bottles\IMG\img810.jpg,1
C:\Users\MSI\Desktop\bottles\IMG\img811.jpg,1
C:\Users\MSI\Desktop\bottles\IMG\img812.jpg,1
C:\Users\MSI\Desktop\bottles\IMG\img813.jpg,1
C:\Users\MSI\Desktop\bottles\IMG\img814.jpg,1
C:\Users\MSI\Desktop\bottles\IMG\img815.jpg,1
C:\Users\MSI\Desktop\bottles\IMG\img816.jpg,1
C:\Users\MSI\Desktop\bottles\IMG\img817.jpg,1
C:\Users\MSI\Desktop\bottles\IMG\img818.jpg,1
C:\Users\MSI\Desktop\bottles\IMG\img819.jpg,1
C:\Users\MSI\Desktop\bottles\IMG\img820.jpg,1
C:\Users\MSI\Desktop\bottles\IMG\img821.jpg,1
C:\Users\MSI\Desktop\bottles\IMG\img822.jpg,1
C:\Users\MSI\Desktop\bottles\IMG\img823.jpg,1
C:\Users\MSI\Desktop\bottles\IMG\img824.jpg,1
C:\Users\MSI\Desktop\bottles\IMG\img825.jpg,1
C:\Users\MSI\Desktop\bottles\IMG\img826.jpg,1
C:\Users\MSI\Desktop\bottles\IMG\img827.jpg,1
C:\Users\MSI\Desktop\bottles\IMG\img828.jpg,1
C:\Users\MSI\Desktop\bottles\IMG\img829.jpg,1
C:\Users\MSI\Desktop\bottles\IMG\img830.jpg,1
C:\Users\MSI\Desktop\bottles\IMG\img831.jpg,1
C:\Users\MSI\Desktop\bottles\IMG\img832.jpg,1
C:\Users\MSI\Desktop\bottles\IMG\img833.jpg,1
C:\Users\MSI\Desktop\bottles\IMG\img834.jpg,1
C:\Users\MSI\Desktop\bottles\IMG\img835.jpg,1
C:\Users\MSI\Desktop\bottles\IMG\img836.jpg,1
C:\Users\MSI\Desktop\bottles\IMG\img837.jpg,1
C:\Users\MSI\Desktop\bottles\IMG\img838.jpg,1
C:\Users\MSI\Desktop\bottles\IMG\img839.jpg,1
C:\Users\MSI\Desktop\bottles\IMG\img840.jpg,1
C:\Users\MSI\Desktop\bottles\IMG\img841.jpg,1
C:\Users\MSI\Desktop\bottles\IMG\img842.jpg,1
C:\Users\MSI\Desktop\bottles\IMG\img843.jpg,1
C:\Users\MSI\Desktop\bottles\IMG\img844.jpg,1
C:\Users\MSI\Desktop\bottles\IMG\img845.jpg,1
C:\Users\MSI\Desktop\bottles\IMG\img846.jpg,1
C:\Users\MSI\Desktop\bottles\IMG\img847.jpg,1
C:\Users\MSI\Desktop\bottles\IMG\img848.jpg,1
C:\Users\MSI\Desktop\bottles\IMG\img849.jpg,1
C:\Users\MSI\Desktop\bottles\IMG\img850.jpg,1
C:\Users\MSI\Desktop\bottles\IMG\img851.jpg,1
C:\Users\MSI\Desktop\bottles\IMG\img852.jpg,1
C:\Users\MSI\Desktop\bottles\IMG\img853.jpg,1
C:\Users\MSI\Desktop\bottles\IMG\img854.jpg,1
C:\Users\MSI\Desktop\bottles\IMG\img855.jpg,1
C:\Users\MSI\Desktop\bottles\IMG\img856.jpg,1
C:\Users\MSI\Desktop\bottles\IMG\img857.jpg,1
C:\Users\MSI\Desktop\bottles\IMG\img858.jpg,1
C:\Users\MSI\Desktop\bottles\IMG\img859.jpg,1
C:\Users\MSI\Desktop\bottles\IMG\img860.jpg,1
C:\Users\MSI\Desktop\bottles\IMG\img861.jpg,1
C:\Users\MSI\Desktop\bottles\IMG\img862.jpg,1
C:\Users\MSI\Desktop\bottles\IMG\img863.jpg,1
C:\Users\MSI\Desktop\bottles\IMG\img864.jpg,1
C:\Users\MSI\Desktop\bottles\IMG\img865.jpg,1
C:\Users\MSI\Desktop\bottles\IMG\img866.jpg,1
C:\Users\MSI\Desktop\bottles\IMG\img867.jpg,1
C:\Users\MSI\Desktop\bottles\IMG\img868.jpg,1
C:\Users\MSI\Desktop\bottles\IMG\img869.jpg,1
C:\Users\MSI\Desktop\bottles\IMG\img870.jpg,1
C:\Users\MSI\Desktop\bottles\IMG\img871.jpg,1
C:\Users\MSI\Desktop\bottles\IMG\img872.jpg,1
C:\Users\MSI\Desktop\bottles\IMG\img873.jpg,1
C:\Users\MSI\Desktop\bottles\IMG\img874.jpg,1
C:\Users\MSI\Desktop\bottles\IMG\img875.jpg,1
C:\Users\MSI\Desktop\bottles\IMG\img876.jpg,1
C:\Users\MSI\Desktop\bottles\IMG\img877.jpg,1
C:\Users\MSI\Desktop\bottles\IMG\img878.jpg,1
C:\Users\MSI\Desktop\bottles\IMG\img879.jpg,1
C:\Users\MSI\Desktop\bottles\IMG\img880.jpg,1
C:\Users\MSI\Desktop\bottles\IMG\img881.jpg,1
C:\Users\MSI\Desktop\bottles\IMG\img882.jpg,1
C:\Users\MSI\Desktop\bottles\IMG\img883.jpg,1
C:\Users\MSI\Desktop\bottles\IMG\img884.jpg,1
C:\Users\MSI\Desktop\bottles\IMG\img885.jpg,1
C:\Users\MSI\Desktop\bottles\IMG\img886.jpg,1
C:\Users\MSI\Desktop\bottles\IMG\img887.jpg,1
C:\Users\MSI\Desktop\bottles\IMG\img888.jpg,1
C:\Users\MSI\Desktop\bottles\IMG\img889.jpg,1
C:\Users\MSI\Desktop\bottles\IMG\img890.jpg,1
C:\Users\MSI\Desktop\bottles\IMG\img891.jpg,1
C:\Users\MSI\Desktop\bottles\IMG\img892.jpg,1
C:\Users\MSI\Desktop\bottles\IMG\img893.jpg,1
C:\Users\MSI\Desktop\bottles\IMG\img894.jpg,1
C:\Users\MSI\Desktop\bottles\IMG\img895.jpg,1
C:\Users\MSI\Desktop\bottles\IMG\img896.jpg,1
C:\Users\MSI\Desktop\bottles\IMG\img897.jpg,1
C:\Users\MSI\Desktop\bottles\IMG\img898.jpg,1
C:\Users\MSI\Desktop\bottles\IMG\img899.jpg,1
C:\Users\MSI\Desktop\bottles\IMG\img900.jpg,1
C:\Users\MSI\Desktop\bottles\IMG\img901.jpg,1
C:\Users\MSI\Desktop\bottles\IMG\img902.jpg,1
C:\Users\MSI\Desktop\bottles\IMG\img903.jpg,1
C:\Users\MSI\Desktop\bottles\IMG\img904.jpg,1
C:\Users\MSI\Desktop\bottles\IMG\img905.jpg,1
C:\Users\MSI\Desktop\bottles\IMG\img906.jpg,1
C:\Users\MSI\Desktop\bottles\IMG\img907.jpg,1
C:\Users\MSI\Desktop\bottles\IMG\img908.jpg,1
C:\Users\MSI\Desktop\bottles\IMG\img909.jpg,1
C:\Users\MSI\Desktop\bottles\IMG\img910.jpg,1
C:\Users\MSI\Desktop\bottles\IMG\img911.jpg,1
C:\Users\MSI\Desktop\bottles\IMG\img912.jpg,1
C:\Users\MSI\Desktop\bottles\IMG\img913.jpg,1
C:\Users\MSI\Desktop\bottles\IMG\img914.jpg,1
C:\Users\MSI\Desktop\bottles\IMG\img915.jpg,1
C:\Users\MSI\Desktop\bottles\IMG\img916.jpg,1
C:\Users\MSI\Desktop\bottles\IMG\img917.jpg,1
C:\Users\MSI\Desktop\bottles\IMG\img918.jpg,1
C:\Users\MSI\Desktop\bottles\IMG\img919.jpg,1
C:\Users\MSI\Desktop\bottles\IMG\img920.jpg,1
C:\Users\MSI\Desktop\bottles\IMG\img921.jpg,1
C:\Users\MSI\Desktop\bottles\IMG\img922.jpg,1
C:\Users\MSI\Desktop\bottles\IMG\img923.jpg,1
C:\Users\MSI\Desktop\bottles\IMG\img924.jpg,1
C:\Users\MSI\Desktop\bottles\IMG\img925.jpg,1
C:\Users\MSI\Desktop\bottles\IMG\img926.jpg,1
C:\Users\MSI\Desktop\bottles\IMG\img927.jpg,1
C:\Users\MSI\Desktop\bottles\IMG\img928.jpg,1
C:\Users\MSI\Desktop\bottles\IMG\img929.jpg,1
C:\Users\MSI\Desktop\bottles\IMG\img930.jpg,1
C:\Users\MSI\Desktop\bottles\IMG\img931.jpg,1
C:\Users\MSI\Desktop\bottles\IMG\img932.jpg,1
C:\Users\MSI\Desktop\bottles\IMG\img933.jpg,1
C:\Users\MSI\Desktop\bottles\IMG\img934.jpg,1
C:\Users\MSI\Desktop\bottles\IMG\img935.jpg,1
C:\Users\MSI\Desktop\bottles\IMG\img936.jpg,1
C:\Users\MSI\Desktop\bottles\IMG\img937.jpg,1
C:\Users\MSI\Desktop\bottles\IMG\img938.jpg,1
C:\Users\MSI\Desktop\bottles\IMG\img939.jpg,1
C:\Users\MSI\Desktop\bottles\IMG\img940.jpg,1
C:\Users\MSI\Desktop\bottles\IMG\img941.jpg,1
C:\Users\MSI\Desktop\bottles\IMG\img942.jpg,1
C:\Users\MSI\Desktop\bottles\IMG\img943.jpg,1
C:\Users\MSI\Desktop\bottles\IMG\img944.jpg,1
C:\Users\MSI\Desktop\bottles\IMG\img945.jpg,1
C:\Users\MSI\Desktop\bottles\IMG\img946.jpg,1
C:\Users\MSI\Desktop\bottles\IMG\img947.jpg,1
C:\Users\MSI\Desktop\bottles\IMG\img948.jpg,0
C:\Users\MSI\Desktop\bottles\IMG\img949.jpg,0
C:\Users\MSI\Desktop\bottles\IMG\img950.jpg,0
C:\Users\MSI\Desktop\bottles\IMG\img951.jpg,0
C:\Users\MSI\Desktop\bottles\IMG\img952.jpg,0
C:\Users\MSI\Desktop\bottles\IMG\img953.jpg,0
C:\Users\MSI\Desktop\bottles\IMG\img954.jpg,0
C:\Users\MSI\Desktop\bottles\IMG\img955.jpg,0
C:\Users\MSI\Desktop\bottles\IMG\img956.jpg,0
C:\Users\MSI\Desktop\bottles\IMG\img957.jpg,0
C:\Users\MSI\Desktop\bottles\IMG\img958.jpg,0
C:\Users\MSI\Desktop\bottles\IMG\img959.jpg,0
C:\Users\MSI\Desktop\bottles\IMG\img960.jpg,0
C:\Users\MSI\Desktop\bottles\IMG\img961.jpg,0
C:\Users\MSI\Desktop\bottles\IMG\img962.jpg,0
C:\Users\MSI\Desktop\bottles\IMG\img963.jpg,0
C:\Users\MSI\Desktop\bottles\IMG\img964.jpg,0
C:\Users\MSI\Desktop\bottles\IMG\img965.jpg,0
C:\Users\MSI\Desktop\bottles\IMG\img966.jpg,0
C:\Users\MSI\Desktop\bottles\IMG\img967.jpg,0
C:\Users\MSI\Desktop\bottles\IMG\img968.jpg,0
C:\Users\MSI\Desktop\bottles\IMG\img969.jpg,0
C:\Users\MSI\Desktop\bottles\IMG\img970.jpg,0
C:\Users\MSI\Desktop\bottles\IMG\img971.jpg,0
C:\Users\MSI\Desktop\bottles\IMG\img972.jpg,0
C:\Users\MSI\Desktop\bottles\IMG\img973.jpg,0
C:\Users\MSI\Desktop\bottles\IMG\img974.jpg,0
C:\Users\MSI\Desktop\bottles\IMG\img975.jpg,0
C:\Users\MSI\Desktop\bottles\IMG\img976.jpg,0
C:\Users\MSI\Desktop\bottles\IMG\img977.jpg,0
C:\Users\MSI\Desktop\bottles\IMG\img978.jpg,0
C:\Users\MSI\Desktop\bottles\IMG\img979.jpg,0
C:\Users\MSI\Desktop\bottles\IMG\img980.jpg,0
C:\Users\MSI\Desktop\bottles\IMG\img981.jpg,0
C:\Users\MSI\Desktop\bottles\IMG\img982.jpg,0
C:\Users\MSI\Desktop\bottles\IMG\img983.jpg,0
C:\Users\MSI\Desktop\bottles\IMG\img984.jpg,0
C:\Users\MSI\Desktop\bottles\IMG\img985.jpg,0
C:\Users\MSI\Desktop\bottles\IMG\img986.jpg,0
C:\Users\MSI\Desktop\bottles\IMG\img987.jpg,0
C:\Users\MSI\Desktop\bottles\IMG\img988.jpg,0
C:\Users\MSI\Desktop\bottles\IMG\img989.jpg,0
C:\Users\MSI\Desktop\bottles\IMG\img990.jpg,0
C:\Users\MSI\Desktop\bottles\IMG\img991.jpg,0
C:\Users\MSI\Desktop\bottles\IMG\img992.jpg,0
C:\Users\MSI\Desktop\bottles\IMG\img993.jpg,0
C:\Users\MSI\Desktop\bottles\IMG\img994.jpg,0
C:\Users\MSI\Desktop\bottles\IMG\img995.jpg,0
C:\Users\MSI\Desktop\bottles\IMG\img996.jpg,0
C:\Users\MSI\Desktop\bottles\IMG\img997.jpg,0
C:\Users\MSI\Desktop\bottles\IMG\img998.jpg,0
C:\Users\MSI\Desktop\bottles\IMG\img999.jpg,0
C:\Users\MSI\Desktop\bottles\IMG\img1000.jpg,0
C:\Users\MSI\Desktop\bottles\IMG\img1001.jpg,0
C:\Users\MSI\Desktop\bottles\IMG\img1002.jpg,0
C:\Users\MSI\Desktop\bottles\IMG\img1003.jpg,0
C:\Users\MSI\Desktop\bottles\IMG\img1004.jpg,0
C:\Users\MSI\Desktop\bottles\IMG\img1005.jpg,0
C:\Users\MSI\Desktop\bottles\IMG\img1006.jpg,0
C:\Users\MSI\Desktop\bottles\IMG\img1007.jpg,0
C:\Users\MSI\Desktop\bottles\IMG\img1008.jpg,0
C:\Users\MSI\Desktop\bottles\IMG\img1009.jpg,0
C:\Users\MSI\Desktop\bottles\IMG\img1010.jpg,0
C:\Users\MSI\Desktop\bottles\IMG\img1011.jpg,0
C:\Users\MSI\Desktop\bottles\IMG\img1012.jpg,0
C:\Users\MSI\Desktop\bottles\IMG\img1013.jpg,0
C:\Users\MSI\Desktop\bottles\IMG\img1014.jpg,0
C:\Users\MSI\Desktop\bottles\IMG\img1015.jpg,0
C:\Users\MSI\Desktop\bottles\IMG\img1016.jpg,0
C:\Users\MSI\Desktop\bottles\IMG\img1017.jpg,0
C:\Users\MSI\Desktop\bottles\IMG\img1018.jpg,0
C:\Users\MSI\Desktop\bottles\IMG\img1019.jpg,0
C:\Users\MSI\Desktop\bottles\IMG\img1020.jpg,0
C:\Users\MSI\Desktop\bottles\IMG\img1021.jpg,0
C:\Users\MSI\Desktop\bottles\IMG\img1022.jpg,0
C:\Users\MSI\Desktop\bottles\IMG\img1023.jpg,0
C:\Users\MSI\Desktop\bottles\IMG\img1024.jpg,0
C:\Users\MSI\Desktop\bottles\IMG\img1025.jpg,0
C:\Users\MSI\Desktop\bottles\IMG\img1026.jpg,0
C:\Users\MSI\Desktop\bottles\IMG\img1027.jpg,0
C:\Users\MSI\Desktop\bottles\IMG\img1028.jpg,0
C:\Users\MSI\Desktop\bottles\IMG\img1029.jpg,0
C:\Users\MSI\Desktop\bottles\IMG\img1030.jpg,0
C:\Users\MSI\Desktop\bottles\IMG\img1031.jpg,0
C:\Users\MSI\Desktop\bottles\IMG\img1032.jpg,0
C:\Users\MSI\Desktop\bottles\IMG\img1033.jpg,0
C:\Users\MSI\Desktop\bottles\IMG\img1034.jpg,0
C:\Users\MSI\Desktop\bottles\IMG\img1035.jpg,0
C:\Users\MSI\Desktop\bottles\IMG\img1036.jpg,0
C:\Users\MSI\Desktop\bottles\IMG\img1037.jpg,0
C:\Users\MSI\Desktop\bottles\IMG\img1038.jpg,0
C:\Users\MSI\Desktop\bottles\IMG\img1039.jpg,0
C:\Users\MSI\Desktop\bottles\IMG\img1040.jpg,0
C:\Users\MSI\Desktop\bottles\IMG\img1041.jpg,0
C:\Users\MSI\Desktop\bottles\IMG\img1042.jpg,0
C:\Users\MSI\Desktop\bottles\IMG\img1043.jpg,0
C:\Users\MSI\Desktop\bottles\IMG\img1044.jpg,0
C:\Users\MSI\Desktop\bottles\IMG\img1045.jpg,0
C:\Users\MSI\Desktop\bottles\IMG\img1046.jpg,0
C:\Users\MSI\Desktop\bottles\IMG\img1047.jpg,0
C:\Users\MSI\Desktop\bottles\IMG\img1048.jpg,0
C:\Users\MSI\Desktop\bottles\IMG\img1049.jpg,0
C:\Users\MSI\Desktop\bottles\IMG\img1050.jpg,0
C:\Users\MSI\Desktop\bottles\IMG\img1051.jpg,0
C:\Users\MSI\Desktop\bottles\IMG\img1052.jpg,0
C:\Users\MSI\Desktop\bottles\IMG\img1053.jpg,0
C:\Users\MSI\Desktop\bottles\IMG\img1054.jpg,0
C:\Users\MSI\Desktop\bottles\IMG\img1055.jpg,0
C:\Users\MSI\Desktop\bottles\IMG\img1056.jpg,0
C:\Users\MSI\Desktop\bottles\IMG\img1057.jpg,0
C:\Users\MSI\Desktop\bottles\IMG\img1058.jpg,0
C:\Users\MSI\Desktop\bottles\IMG\img1059.jpg,0
C:\Users\MSI\Desktop\bottles\IMG\img1060.jpg,0
C:\Users\MSI\Desktop\bottles\IMG\img1061.jpg,0
C:\Users\MSI\Desktop\bottles\IMG\img1062.jpg,0
C:\Users\MSI\Desktop\bottles\IMG\img1063.jpg,0
C:\Users\MSI\Desktop\bottles\IMG\img1064.jpg,0
C:\Users\MSI\Desktop\bottles\IMG\img1065.jpg,0
C:\Users\MSI\Desktop\bottles\IMG\img1066.jpg,0
C:\Users\MSI\Desktop\bottles\IMG\img1067.jpg,0
C:\Users\MSI\Desktop\bottles\IMG\img1068.jpg,0
C:\Users\MSI\Desktop\bottles\IMG\img1069.jpg,0
C:\Users\MSI\Desktop\bottles\IMG\img1070.jpg,0
C:\Users\MSI\Desktop\bottles\IMG\img1071.jpg,0
C:\Users\MSI\Desktop\bottles\IMG\img1072.jpg,0
C:\Users\MSI\Desktop\bottles\IMG\img1073.jpg,0
C:\Users\MSI\Desktop\bottles\IMG\img1074.jpg,0
C:\Users\MSI\Desktop\bottles\IMG\img1075.jpg,0
C:\Users\MSI\Desktop\bottles\IMG\img1076.jpg,0
C:\Users\MSI\Desktop\bottles\IMG\img1077.jpg,0
C:\Users\MSI\Desktop\bottles\IMG\img1078.jpg,0
C:\Users\MSI\Desktop\bottles\IMG\img1079.jpg,0
C:\Users\MSI\Desktop\bottles\IMG\img1080.jpg,0
C:\Users\MSI\Desktop\bottles\IMG\img1081.jpg,0
C:\Users\MSI\Desktop\bottles\IMG\img1082.jpg,0
C:\Users\MSI\Desktop\bottles\IMG\img1083.jpg,0
C:\Users\MSI\Desktop\bottles\IMG\img1084.jpg,0
C:\Users\MSI\Desktop\bottles\IMG\img1085.jpg,0
C:\Users\MSI\Desktop\bottles\IMG\img1086.jpg,0
C:\Users\MSI\Desktop\bottles\IMG\img1087.jpg,0
C:\Users\MSI\Desktop\bottles\IMG\img1088.jpg,0
C:\Users\MSI\Desktop\bottles\IMG\img1089.jpg,0
C:\Users\MSI\Desktop\bottles\IMG\img1090.jpg,0
C:\Users\MSI\Desktop\bottles\IMG\img1091.jpg,0
C:\Users\MSI\Desktop\bottles\IMG\img1092.jpg,0
C:\Users\MSI\Desktop\bottles\IMG\img1093.jpg,0
C:\Users\MSI\Desktop\bottles\IMG\img1094.jpg,0
C:\Users\MSI\Desktop\bottles\IMG\img1095.jpg,0
C:\Users\MSI\Desktop\bottles\IMG\img1096.jpg,0
C:\Users\MSI\Desktop\bottles\IMG\img1097.jpg,0
C:\Users\MSI\Desktop\bottles\IMG\img1098.jpg,0
C:\Users\MSI\Desktop\bottles\IMG\img1099.jpg,0
C:\Users\MSI\Desktop\bottles\IMG\img1100.jpg,0
C:\Users\MSI\Desktop\bottles\IMG\img1101.jpg,0
C:\Users\MSI\Desktop\bottles\IMG\img1102.jpg,0
C:\Users\MSI\Desktop\bottles\IMG\img1103.jpg,0
C:\Users\MSI\Desktop\bottles\IMG\img1104.jpg,0
C:\Users\MSI\Desktop\bottles\IMG\img1105.jpg,0
C:\Users\MSI\Desktop\bottles\IMG\img1106.jpg,0
C:\Users\MSI\Desktop\bottles\IMG\img1107.jpg,0
C:\Users\MSI\Desktop\bottles\IMG\img1108.jpg,0
C:\Users\MSI\Desktop\bottles\IMG\img1109.jpg,0
C:\Users\MSI\Desktop\bottles\IMG\img1110.jpg,0
C:\Users\MSI\Desktop\bottles\IMG\img1111.jpg,0
C:\Users\MSI\Desktop\bottles\IMG\img1112.jpg,0
C:\Users\MSI\Desktop\bottles\IMG\img1113.jpg,0
C:\Users\MSI\Desktop\bottles\IMG\img1114.jpg,0
C:\Users\MSI\Desktop\bottles\IMG\img1115.jpg,0
C:\Users\MSI\Desktop\bottles\IMG\img1116.jpg,0
C:\Users\MSI\Desktop\bottles\IMG\img1117.jpg,0
C:\Users\MSI\Desktop\bottles\IMG\img1118.jpg,0
C:\Users\MSI\Desktop\bottles\IMG\img1119.jpg,0
C:\Users\MSI\Desktop\bottles\IMG\img1120.jpg,0
C:\Users\MSI\Desktop\bottles\IMG\img1121.jpg,0
C:\Users\MSI\Desktop\bottles\IMG\img1122.jpg,0
C:\Users\MSI\Desktop\bottles\IMG\img1123.jpg,0
C:\Users\MSI\Desktop\bottles\IMG\img1124.jpg,0
C:\Users\MSI\Desktop\bottles\IMG\img1125.jpg,0
C:\Users\MSI\Desktop\bottles\IMG\img1126.jpg,0
C:\Users\MSI\Desktop\bottles\IMG\img1127.jpg,0
C:\Users\MSI\Desktop\bottles\IMG\img1128.jpg,0
C:\Users\MSI\Desktop\bottles\IMG\img1129.jpg,0
C:\Users\MSI\Desktop\bottles\IMG\img1130.jpg,0
C:\Users\MSI\Desktop\bottles\IMG\img1131.jpg,0
C:\Users\MSI\Desktop\bottles\IMG\img1132.jpg,0
C:\Users\MSI\Desktop\bottles\IMG\img1133.jpg,0
C:\Users\MSI\Desktop\bottles\IMG\img1134.jpg,0
C:\Users\MSI\Desktop\bottles\IMG\img1135.jpg,0
C:\Users\MSI\Desktop\bottles\IMG\img1136.jpg,0
C:\Users\MSI\Desktop\bottles\IMG\img1137.jpg,0
C:\Users\MSI\Desktop\bottles\IMG\img1138.jpg,0
C:\Users\MSI\Desktop\bottles\IMG\img1139.jpg,0
C:\Users\MSI\Desktop\bottles\IMG\img1140.jpg,0
C:\Users\MSI\Desktop\bottles\IMG\img1141.jpg,0
C:\Users\MSI\Desktop\bottles\IMG\img1142.jpg,0
C:\Users\MSI\Desktop\bottles\IMG\img1143.jpg,0
C:\Users\MSI\Desktop\bottles\IMG\img1144.jpg,0
C:\Users\MSI\Desktop\bottles\IMG\img1145.jpg,0
C:\Users\MSI\Desktop\bottles\IMG\img1146.jpg,0
C:\Users\MSI\Desktop\bottles\IMG\img1147.jpg,0
C:\Users\MSI\Desktop\bottles\IMG\img1148.jpg,0
C:\Users\MSI\Desktop\bottles\IMG\img1149.jpg,0
C:\Users\MSI\Desktop\bottles\IMG\img1150.jpg,0
C:\Users\MSI\Desktop\bottles\IMG\img1151.jpg,0
C:\Users\MSI\Desktop\bottles\IMG\img1152.jpg,0
C:\Users\MSI\Desktop\bottles\IMG\img1153.jpg,0
C:\Users\MSI\Desktop\bottles\IMG\img1154.jpg,0
C:\Users\MSI\Desktop\bottles\IMG\img1155.jpg,0
C:\Users\MSI\Desktop\bottles\IMG\img1156.jpg,0
C:\Users\MSI\Desktop\bottles\IMG\img1157.jpg,0
C:\Users\MSI\Desktop\bottles\IMG\img1158.jpg,0
C:\Users\MSI\Desktop\bottles\IMG\img1159.jpg,0
C:\Users\MSI\Desktop\bottles\IMG\img1160.jpg,0
C:\Users\MSI\Desktop\bottles\IMG\img1161.jpg,0
C:\Users\MSI\Desktop\bottles\IMG\img1162.jpg,0
C:\Users\MSI\Desktop\bottles\IMG\img1163.jpg,0
C:\Users\MSI\Desktop\bottles\IMG\img1164.jpg,0
C:\Users\MSI\Desktop\bottles\IMG\img1165.jpg,0
C:\Users\MSI\Desktop\bottles\IMG\img1166.jpg,0
C:\Users\MSI\Desktop\bottles\IMG\img1167.jpg,0
C:\Users\MSI\Desktop\bottles\IMG\img1168.jpg,0
C:\Users\MSI\Desktop\bottles\IMG\img1169.jpg,0
C:\Users\MSI\Desktop\bottles\IMG\img1170.jpg,0
C:\Users\MSI\Desktop\bottles\IMG\img1171.jpg,0
C:\Users\MSI\Desktop\bottles\IMG\img1172.jpg,0
C:\Users\MSI\Desktop\bottles\IMG\img1173.jpg,0
C:\Users\MSI\Desktop\bottles\IMG\img1174.jpg,0
C:\Users\MSI\Desktop\bottles\IMG\img1175.jpg,0
C:\Users\MSI\Desktop\bottles\IMG\img1176.jpg,0
C:\Users\MSI\Desktop\bottles\IMG\img1177.jpg,0
C:\Users\MSI\Desktop\bottles\IMG\img1178.jpg,0
C:\Users\MSI\Desktop\bottles\IMG\img1179.jpg,0
C:\Users\MSI\Desktop\bottles\IMG\img1180.jpg,0
C:\Users\MSI\Desktop\bottles\IMG\img1181.jpg,0
C:\Users\MSI\Desktop\bottles\IMG\img1182.jpg,0
C:\Users\MSI\Desktop\bottles\IMG\img1183.jpg,0
C:\Users\MSI\Desktop\bottles\IMG\img1184.jpg,0
C:\Users\MSI\Desktop\bottles\IMG\img1185.jpg,0
C:\Users\MSI\Desktop\bottles\IMG\img1186.jpg,0
C:\Users\MSI\Desktop\bottles\IMG\img1187.jpg,0
C:\Users\MSI\Desktop\bottles\IMG\img1188.jpg,0
C:\Users\MSI\Desktop\bottles\IMG\img1189.jpg,0
C:\Users\MSI\Desktop\bottles\IMG\img1190.jpg,0
C:\Users\MSI\Desktop\bottles\IMG\img1191.jpg,0
C:\Users\MSI\Desktop\bottles\IMG\img1192.jpg,0
C:\Users\MSI\Desktop\bottles\IMG\img1193.jpg,0
C:\Users\MSI\Desktop\bottles\IMG\img1194.jpg,0
C:\Users\MSI\Desktop\bottles\IMG\img1195.jpg,0
C:\Users\MSI\Desktop\bottles\IMG\img1196.jpg,0
C:\Users\MSI\Desktop\bottles\IMG\img1197.jpg,0
C:\Users\MSI\Desktop\bottles\IMG\img1198.jpg,0
C:\Users\MSI\Desktop\bottles\IMG\img1199.jpg,0
C:\Users\MSI\Desktop\bottles\IMG\img1200.jpg,0
C:\Users\MSI\Desktop\bottles\IMG\img1201.jpg,0
C:\Users\MSI\Desktop\bottles\IMG\img1202.jpg,0
C:\Users\MSI\Desktop\bottles\IMG\img1203.jpg,0
C:\Users\MSI\Desktop\bottles\IMG\img1204.jpg,0
C:\Users\MSI\Desktop\bottles\IMG\img1205.jpg,0
C:\Users\MSI\Desktop\bottles\IMG\img1206.jpg,0
C:\Users\MSI\Desktop\bottles\IMG\img1207.jpg,0
C:\Users\MSI\Desktop\bottles\IMG\img1208.jpg,0
C:\Users\MSI\Desktop\bottles\IMG\img1209.jpg,0
C:\Users\MSI\Desktop\bottles\IMG\img1210.jpg,0
C:\Users\MSI\Desktop\bottles\IMG\img1211.jpg,0
C:\Users\MSI\Desktop\bottles\IMG\img1212.jpg,0
C:\Users\MSI\Desktop\bottles\IMG\img1213.jpg,0
C:\Users\MSI\Desktop\bottles\IMG\img1214.jpg,0
C:\Users\MSI\Desktop\bottles\IMG\img1215.jpg,0
C:\Users\MSI\Desktop\bottles\IMG\img1216.jpg,0
C:\Users\MSI\Desktop\bottles\IMG\img1217.jpg,0
C:\Users\MSI\Desktop\bottles\IMG\img1218.jpg,0
C:\Users\MSI\Desktop\bottles\IMG\img1219.jpg,0
C:\Users\MSI\Desktop\bottles\IMG\img1220.jpg,0
C:\Users\MSI\Desktop\bottles\IMG\img1221.jpg,0
C:\Users\MSI\Desktop\bottles\IMG\img1222.jpg,0
C:\Users\MSI\Desktop\bottles\IMG\img1223.jpg,0
C:\Users\MSI\Desktop\bottles\IMG\img1224.jpg,0
C:\Users\MSI\Desktop\bottles\IMG\img1225.jpg,0
C:\Users\MSI\Desktop\bottles\IMG\img1226.jpg,0
C:\Users\MSI\Desktop\bottles\IMG\img1227.jpg,0
C:\Users\MSI\Desktop\bottles\IMG\img1228.jpg,0
C:\Users\MSI\Desktop\bottles\IMG\img1229.jpg,0
C:\Users\MSI\Desktop\bottles\IMG\img1230.jpg,0
C:\Users\MSI\Desktop\bottles\IMG\img1231.jpg,0
C:\Users\MSI\Desktop\bottles\IMG\img1232.jpg,0
C:\Users\MSI\Desktop\bottles\IMG\img1233.jpg,0
C:\Users\MSI\Desktop\bottles\IMG\img1234.jpg,0
C:\Users\MSI\Desktop\bottles\IMG\img1235.jpg,0
C:\Users\MSI\Desktop\bottles\IMG\img1236.jpg,0
C:\Users\MSI\Desktop\bottles\IMG\img1237.jpg,0
C:\Users\MSI\Desktop\bottles\IMG\img1238.jpg,0
C:\Users\MSI\Desktop\bottles\IMG\img1239.jpg,0
C:\Users\MSI\Desktop\bottles\IMG\img1240.jpg,0
C:\Users\MSI\Desktop\bottles\IMG\img1241.jpg,0
C:\Users\MSI\Desktop\bottles\IMG\img1242.jpg,0
C:\Users\MSI\Desktop\bottles\IMG\img1243.jpg,0
C:\Users\MSI\Desktop\bottles\IMG\img1244.jpg,0
C:\Users\MSI\Desktop\bottles\IMG\img1245.jpg,0
C:\Users\MSI\Desktop\bottles\IMG\img1246.jpg,0
C:\Users\MSI\Desktop\bottles\IMG\img1247.jpg,0
C:\Users\MSI\Desktop\bottles\IMG\img1248.jpg,0
C:\Users\MSI\Desktop\bottles\IMG\img1249.jpg,0
C:\Users\MSI\Desktop\bottles\IMG\img1250.jpg,0
C:\Users\MSI\Desktop\bottles\IMG\img1251.jpg,0
C:\Users\MSI\Desktop\bottles\IMG\img1252.jpg,0
C:\Users\MSI\Desktop\bottles\IMG\img1253.jpg,0
C:\Users\MSI\Desktop\bottles\IMG\img1254.jpg,0
C:\Users\MSI\Desktop\bottles\IMG\img1255.jpg,0
C:\Users\MSI\Desktop\bottles\IMG\img1256.jpg,0
C:\Users\MSI\Desktop\bottles\IMG\img1257.jpg,0
C:\Users\MSI\Desktop\bottles\IMG\img1258.jpg,0
C:\Users\MSI\Desktop\bottles\IMG\img1259.jpg,0
C:\Users\MSI\Desktop\bottles\IMG\img1260.jpg,0
C:\Users\MSI\Desktop\bottles\IMG\img1261.jpg,0
C:\Users\MSI\Desktop\bottles\IMG\img1262.jpg,0
C:\Users\MSI\Desktop\bottles\IMG\img1263.jpg,0
C:\Users\MSI\Desktop\bottles\IMG\img1264.jpg,0
C:\Users\MSI\Desktop\bottles\IMG\img1265.jpg,0
C:\Users\MSI\Desktop\bottles\IMG\img1266.jpg,0
C:\Users\MSI\Desktop\bottles\IMG\img1267.jpg,0
C:\Users\MSI\Desktop\bottles\IMG\img1268.jpg,0
C:\Users\MSI\Desktop\bottles\IMG\img1269.jpg,0
C:\Users\MSI\Desktop\bottles\IMG\img1270.jpg,0
C:\Users\MSI\Desktop\bottles\IMG\img1271.jpg,0
C:\Users\MSI\Desktop\bottles\IMG\img1272.jpg,0
C:\Users\MSI\Desktop\bottles\IMG\img1273.jpg,0
C:\Users\MSI\Desktop\bottles\IMG\img1274.jpg,0
C:\Users\MSI\Desktop\bottles\IMG\img1275.jpg,0
C:\Users\MSI\Desktop\bottles\IMG\img1276.jpg,0
C:\Users\MSI\Desktop\bottles\IMG\img1277.jpg,0
C:\Users\MSI\Desktop\bottles\IMG\img1278.jpg,0
C:\Users\MSI\Desktop\bottles\IMG\img1279.jpg,0
C:\Users\MSI\Desktop\bottles\IMG\img1280.jpg,0
C:\Users\MSI\Desktop\bottles\IMG\img1281.jpg,0
C:\Users\MSI\Desktop\bottles\IMG\img1282.jpg,0
C:\Users\MSI\Desktop\bottles\IMG\img1283.jpg,0
C:\Users\MSI\Desktop\bottles\IMG\img1284.jpg,0
C:\Users\MSI\Desktop\bottles\IMG\img1285.jpg,0
C:\Users\MSI\Desktop\bottles\IMG\img1286.jpg,0
C:\Users\MSI\Desktop\bottles\IMG\img1287.jpg,0
C:\Users\MSI\Desktop\bottles\IMG\img1288.jpg,0
C:\Users\MSI\Desktop\bottles\IMG\img1289.jpg,0
C:\Users\MSI\Desktop\bottles\IMG\img1290.jpg,0
C:\Users\MSI\Desktop\bottles\IMG\img1291.jpg,0
C:\Users\MSI\Desktop\bottles\IMG\img1292.jpg,0
C:\Users\MSI\Desktop\bottles\IMG\img1293.jpg,0
C:\Users\MSI\Desktop\bottles\IMG\img1294.jpg,0
C:\Users\MSI\Desktop\bottles\IMG\img1295.jpg,0
C:\Users\MSI\Desktop\bottles\IMG\img1296.jpg,0
C:\Users\MSI\Desktop\bottles\IMG\img1297.jpg,0
C:\Users\MSI\Desktop\bottles\IMG\img1298.jpg,0
C:\Users\MSI\Desktop\bottles\IMG\img1299.jpg,0
C:\Users\MSI\Desktop\bottles\IMG\img1300.jpg,0
C:\Users\MSI\Desktop\bottles\IMG\img1301.jpg,0
C:\Users\MSI\Desktop\bottles\IMG\img1302.jpg,0
C:\Users\MSI\Desktop\bottles\IMG\img1303.jpg,0
C:\Users\MSI\Desktop\bottles\IMG\img1304.jpg,0
C:\Users\MSI\Desktop\bottles\IMG\img1305.jpg,0
C:\Users\MSI\Desktop\bottles\IMG\img1306.jpg,0
C:\Users\MSI\Desktop\bottles\IMG\img1307.jpg,0
C:\Users\MSI\Desktop\bottles\IMG\img1308.jpg,0
C:\Users\MSI\Desktop\bottles\IMG\img1309.jpg,0
C:\Users\MSI\Desktop\bottles\IMG\img1310.jpg,0
C:\Users\MSI\Desktop\bottles\IMG\img1311.jpg,0
C:\Users\MSI\Desktop\bottles\IMG\img1312.jpg,0
C:\Users\MSI\Desktop\bottles\IMG\img1313.jpg,0
C:\Users\MSI\Desktop\bottles\IMG\img1314.jpg,0
C:\Users\MSI\Desktop\bottles\IMG\img1315.jpg,0
C:\Users\MSI\Desktop\bottles\IMG\img1316.jpg,0
C:\Users\MSI\Desktop\bottles\IMG\img1317.jpg,0
C:\Users\MSI\Desktop\bottles\IMG\img1318.jpg,0
C:\Users\MSI\Desktop\bottles\IMG\img1319.jpg,0
C:\Users\MSI\Desktop\bottles\IMG\img1320.jpg,0
C:\Users\MSI\Desktop\bottles\IMG\img1321.jpg,0
C:\Users\MSI\Desktop\bottles\IMG\img1322.jpg,0
C:\Users\MSI\Desktop\bottles\IMG\img1323.jpg,0
C:\Users\MSI\Desktop\bottles\IMG\img1324.jpg,0
C:\Users\MSI\Desktop\bottles\IMG\img1325.jpg,0
C:\Users\MSI\Desktop\bottles\IMG\img1326.jpg,0
C:\Users\MSI\Desktop\bottles\IMG\img1327.jpg,0
C:\Users\MSI\Desktop\bottles\IMG\img1328.jpg,0
C:\Users\MSI\Desktop\bottles\IMG\img1329.jpg,0
C:\Users\MSI\Desktop\bottles\IMG\img1330.jpg,0
C:\Users\MSI\Desktop\bottles\IMG\img1331.jpg,0
C:\Users\MSI\Desktop\bottles\IMG\img1332.jpg,0
C:\Users\MSI\Desktop\bottles\IMG\img1333.jpg,0
C:\Users\MSI\Desktop\bottles\IMG\img1334.jpg,0
C:\Users\MSI\Desktop\bottles\IMG\img1335.jpg,0
C:\Users\MSI\Desktop\bottles\IMG\img1336.jpg,0
C:\Users\MSI\Desktop\bottles\IMG\img1337.jpg,0
C:\Users\MSI\Desktop\bottles\IMG\img1338.jpg,0
C:\Users\MSI\Desktop\bottles\IMG\img1339.jpg,0
C:\Users\MSI\Desktop\bottles\IMG\img1340.jpg,0
C:\Users\MSI\Desktop\bottles\IMG\img1341.jpg,0
C:\Users\MSI\Desktop\bottles\IMG\img1342.jpg,0
C:\Users\MSI\Desktop\bottles\IMG\img1343.jpg,0
C:\Users\MSI\Desktop\bottles\IMG\img1344.jpg,0
C:\Users\MSI\Desktop\bottles\IMG\img1345.jpg,0
C:\Users\MSI\Desktop\bottles\IMG\img1346.jpg,0
C:\Users\MSI\Desktop\bottles\IMG\img1347.jpg,0
C:\Users\MSI\Desktop\bottles\IMG\img1348.jpg,0
C:\Users\MSI\Desktop\bottles\IMG\img1349.jpg,0
C:\Users\MSI\Desktop\bottles\IMG\img1350.jpg,0
C:\Users\MSI\Desktop\bottles\IMG\img1351.jpg,0
C:\Users\MSI\Desktop\bottles\IMG\img1352.jpg,0
C:\Users\MSI\Desktop\bottles\IMG\img1353.jpg,0
C:\Users\MSI\Desktop\bottles\IMG\img1354.jpg,0
C:\Users\MSI\Desktop\bottles\IMG\img1355.jpg,0
C:\Users\MSI\Desktop\bottles\IMG\img1356.jpg,0
C:\Users\MSI\Desktop\bottles\IMG\img1357.jpg,0
C:\Users\MSI\Desktop\bottles\IMG\img1358.jpg,0
C:\Users\MSI\Desktop\bottles\IMG\img1359.jpg,0
C:\Users\MSI\Desktop\bottles\IMG\img1360.jpg,0
C:\Users\MSI\Desktop\bottles\IMG\img1361.jpg,0
C:\Users\MSI\Desktop\bottles\IMG\img1362.jpg,0
C:\Users\MSI\Desktop\bottles\IMG\img1363.jpg,0
C:\Users\MSI\Desktop\bottles\IMG\img1364.jpg,0
C:\Users\MSI\Desktop\bottles\IMG\img1365.jpg,0
C:\Users\MSI\Desktop\bottles\IMG\img1366.jpg,0
C:\Users\MSI\Desktop\bottles\IMG\img1367.jpg,0
C:\Users\MSI\Desktop\bottles\IMG\img1368.jpg,0
C:\Users\MSI\Desktop\bottles\IMG\img1369.jpg,0
C:\Users\MSI\Desktop\bottles\IMG\img1370.jpg,0
C:\Users\MSI\Desktop\bottles\IMG\img1371.jpg,0
C:\Users\MSI\Desktop\bottles\IMG\img1372.jpg,0
C:\Users\MSI\Desktop\bottles\IMG\img1373.jpg,0
C:\Users\MSI\Desktop\bottles\IMG\img1374.jpg,0
C:\Users\MSI\Desktop\bottles\IMG\img1375.jpg,0
C:\Users\MSI\Desktop\bottles\IMG\img1376.jpg,0
C:\Users\MSI\Desktop\bottles\IMG\img1377.jpg,0
C:\Users\MSI\Desktop\bottles\IMG\img1378.jpg,0
C:\Users\MSI\Desktop\bottles\IMG\img1379.jpg,0
C:\Users\MSI\Desktop\bottles\IMG\img1380.jpg,0
C:\Users\MSI\Desktop\bottles\IMG\img1381.jpg,0
C:\Users\MSI\Desktop\bottles\IMG\img1382.jpg,0
C:\Users\MSI\Desktop\bottles\IMG\img1383.jpg,0
C:\Users\MSI\Desktop\bottles\IMG\img1384.jpg,0
C:\Users\MSI\Desktop\bottles\IMG\img1385.jpg,0
C:\Users\MSI\Desktop\bottles\IMG\img1386.jpg,0
C:\Users\MSI\Desktop\bottles\IMG\img1387.jpg,0
C:\Users\MSI\Desktop\bottles\IMG\img1388.jpg,0
C:\Users\MSI\Desktop\bottles\IMG\img1389.jpg,0
C:\Users\MSI\Desktop\bottles\IMG\img1390.jpg,0
C:\Users\MSI\Desktop\bottles\IMG\img1391.jpg,0
C:\Users\MSI\Desktop\bottles\IMG\img1392.jpg,0
C:\Users\MSI\Desktop\bottles\IMG\img1393.jpg,0
C:\Users\MSI\Desktop\bottles\IMG\img1394.jpg,0
C:\Users\MSI\Desktop\bottles\IMG\img1395.jpg,0
C:\Users\MSI\Desktop\bottles\IMG\img1396.jpg,0
C:\Users\MSI\Desktop\bottles\IMG\img1397.jpg,0
C:\Users\MSI\Desktop\bottles\IMG\img1398.jpg,0
C:\Users\MSI\Desktop\bottles\IMG\img1399.jpg,0
C:\Users\MSI\Desktop\bottles\IMG\img1400.jpg,0
C:\Users\MSI\Desktop\bottles\IMG\img1401.jpg,0
C:\Users\MSI\Desktop\bottles\IMG\img1402.jpg,0
C:\Users\MSI\Desktop\bottles\IMG\img1403.jpg,0
C:\Users\MSI\Desktop\bottles\IMG\img1404.jpg,0
C:\Users\MSI\Desktop\bottles\IMG\img1405.jpg,0
C:\Users\MSI\Desktop\bottles\IMG\img1406.jpg,0
C:\Users\MSI\Desktop\bottles\IMG\img1407.jpg,0
C:\Users\MSI\Desktop\bottles\IMG\img1408.jpg,0
C:\Users\MSI\Desktop\bottles\IMG\img1409.jpg,0
C:\Users\MSI\Desktop\bottles\IMG\img1410.jpg,0
C:\Users\MSI\Desktop\bottles\IMG\img1411.jpg,0
C:\Users\MSI\Desktop\bottles\IMG\img1412.jpg,0
C:\Users\MSI\Desktop\bottles\IMG\img1413.jpg,0
C:\Users\MSI\Desktop\bottles\IMG\img1414.jpg,0
C:\Users\MSI\Desktop\bottles\IMG\img1415.jpg,0
C:\Users\MSI\Desktop\bottles\IMG\img1416.jpg,0
C:\Users\MSI\Desktop\bottles\IMG\img1417.jpg,0
C:\Users\MSI\Desktop\bottles\IMG\img1418.jpg,0
C:\Users\MSI\Desktop\bottles\IMG\img1419.jpg,0
C:\Users\MSI\Desktop\bottles\IMG\img1420.jpg,0
C:\Users\MSI\Desktop\bottles\IMG\img1421.jpg,0
C:\Users\MSI\Desktop\bottles\IMG\img1422.jpg,0
C:\Users\MSI\Desktop\bottles\IMG\img1423.jpg,0
C:\Users\MSI\Desktop\bottles\IMG\img1424.jpg,0
C:\Users\MSI\Desktop\bottles\IMG\img1425.jpg,0
C:\Users\MSI\Desktop\bottles\IMG\img1426.jpg,0
C:\Users\MSI\Desktop\bottles\IMG\img1427.jpg,0
C:\Users\MSI\Desktop\bottles\IMG\img1428.jpg,0
C:\Users\MSI\Desktop\bottles\IMG\img1429.jpg,0
C:\Users\MSI\Desktop\bottles\IMG\img1430.jpg,0
C:\Users\MSI\Desktop\bottles\IMG\img1431.jpg,0
C:\Users\MSI\Desktop\bottles\IMG\img1432.jpg,0
C:\Users\MSI\Desktop\bottles\IMG\img1433.jpg,0
C:\Users\MSI\Desktop\bottles\IMG\img1434.jpg,0
C:\Users\MSI\Desktop\bottles\IMG\img1435.jpg,0
C:\Users\MSI\Desktop\bottles\IMG\img1436.jpg,0
C:\Users\MSI\Desktop\bottles\IMG\img1437.jpg,0
C:\Users\MSI\Desktop\bottles\IMG\img1438.jpg,0
C:\Users\MSI\Desktop\bottles\IMG\img1439.jpg,0
C:\Users\MSI\Desktop\bottles\IMG\img1440.jpg,0
C:\Users\MSI\Desktop\bottles\IMG\img1441.jpg,0
C:\Users\MSI\Desktop\bottles\IMG\img1442.jpg,0
C:\Users\MSI\Desktop\bottles\IMG\img1443.jpg,0
C:\Users\MSI\Desktop\bottles\IMG\img1444.jpg,0
C:\Users\MSI\Desktop\bottles\IMG\img1445.jpg,0
C:\Users\MSI\Desktop\bottles\IMG\img1446.jpg,0
C:\Users\MSI\Desktop\bottles\IMG\img1447.jpg,0
C:\Users\MSI\Desktop\bottles\IMG\img1448.jpg,0
C:\Users\MSI\Desktop\bottles\IMG\img1449.jpg,0
C:\Users\MSI\Desktop\bottles\IMG\img1450.jpg,0
C:\Users\MSI\Desktop\bottles\IMG\img1451.jpg,0
C:\Users\MSI\Desktop\bottles\IMG\img1452.jpg,0
C:\Users\MSI\Desktop\bottles\IMG\img1453.jpg,0
C:\Users\MSI\Desktop\bottles\IMG\img1454.jpg,0
C:\Users\MSI\Desktop\bottles\IMG\img1455.jpg,0
C:\Users\MSI\Desktop\bottles\IMG\img1456.jpg,0
C:\Users\MSI\Desktop\bottles\IMG\img1457.jpg,0
C:\Users\MSI\Desktop\bottles\IMG\img1458.jpg,0
C:\Users\MSI\Desktop\bottles\IMG\img1459.jpg,0
C:\Users\MSI\Desktop\bottles\IMG\img1460.jpg,0
C:\Users\MSI\Desktop\bottles\IMG\img1461.jpg,0
C:\Users\MSI\Desktop\bottles\IMG\img1462.jpg,0
C:\Users\MSI\Desktop\bottles\IMG\img1463.jpg,0
C:\Users\MSI\Desktop\bottles\IMG\img1464.jpg,0
C:\Users\MSI\Desktop\bottles\IMG\img1465.jpg,0
C:\Users\MSI\Desktop\bottles\IMG\img1466.jpg,0
C:\Users\MSI\Desktop\bottles\IMG\img1467.jpg,0
C:\Users\MSI\Desktop\bottles\IMG\img1468.jpg,0
C:\Users\MSI\Desktop\bottles\IMG\img1469.jpg,0
C:\Users\MSI\Desktop\bottles\IMG\img1470.jpg,0
C:\Users\MSI\Desktop\bottles\IMG\img1471.jpg,0
C:\Users\MSI\Desktop\bottles\IMG\img1472.jpg,0
C:\Users\MSI\Desktop\bottles\IMG\img1473.jpg,0
C:\Users\MSI\Desktop\bottles\IMG\img1474.jpg,0
C:\Users\MSI\Desktop\bottles\IMG\img1475.jpg,0
C:\Users\MSI\Desktop\bottles\IMG\img1476.jpg,0
C:\Users\MSI\Desktop\bottles\IMG\img1477.jpg,0
C:\Users\MSI\Desktop\bottles\IMG\img1478.jpg,0
C:\Users\MSI\Desktop\bottles\IMG\img1479.jpg,0
C:\Users\MSI\Desktop\bottles\IMG\img1480.jpg,0
C:\Users\MSI\Desktop\bottles\IMG\img1481.jpg,0
C:\Users\MSI\Desktop\bottles\IMG\img1482.jpg,0
C:\Users\MSI\Desktop\bottles\IMG\img1483.jpg,0
C:\Users\MSI\Desktop\bottles\IMG\img1484.jpg,0
C:\Users\MSI\Desktop\bottles\IMG\img1485.jpg,0
C:\Users\MSI\Desktop\bottles\IMG\img1486.jpg,0
C:\Users\MSI\Desktop\bottles\IMG\img1487.jpg,0
C:\Users\MSI\Desktop\bottles\IMG\img1488.jpg,0
C:\Users\MSI\Desktop\bottles\IMG\img1489.jpg,0
C:\Users\MSI\Desktop\bottles\IMG\img1490.jpg,0
C:\Users\MSI\Desktop\bottles\IMG\img1491.jpg,0
C:\Users\MSI\Desktop\bottles\IMG\img1492.jpg,0
C:\Users\MSI\Desktop\bottles\IMG\img1493.jpg,0
C:\Users\MSI\Desktop\bottles\IMG\img1494.jpg,0
C:\Users\MSI\Desktop\bottles\IMG\img1495.jpg,0
C:\Users\MSI\Desktop\bottles\IMG\img1496.jpg,0
C:\Users\MSI\Desktop\bottles\IMG\img1497.jpg,0
C:\Users\MSI\Desktop\bottles\IMG\img1498.jpg,0
C:\Users\MSI\Desktop\bottles\IMG\img1499.jpg,0
C:\Users\MSI\Desktop\bottles\IMG\img1500.jpg,0
C:\Users\MSI\Desktop\bottles\IMG\img1501.jpg,0
C:\Users\MSI\Desktop\bottles\IMG\img1502.jpg,0
C:\Users\MSI\Desktop\bottles\IMG\img1503.jpg,0
C:\Users\MSI\Desktop\bottles\IMG\img1504.jpg,0
C:\Users\MSI\Desktop\bottles\IMG\img1505.jpg,0
C:\Users\MSI\Desktop\bottles\IMG\img1506.jpg,0
C:\Users\MSI\Desktop\bottles\IMG\img1507.jpg,0
C:\Users\MSI\Desktop\bottles\IMG\img1508.jpg,0
C:\Users\MSI\Desktop\bottles\IMG\img1509.jpg,0
C:\Users\MSI\Desktop\bottles\IMG\img1510.jpg,0
C:\Users\MSI\Desktop\bottles\IMG\img1511.jpg,0
C:\Users\MSI\Desktop\bottles\IMG\img1512.jpg,0
C:\Users\MSI\Desktop\bottles\IMG\img1513.jpg,0
C:\Users\MSI\Desktop\bottles\IMG\img1514.jpg,0
C:\Users\MSI\Desktop\bottles\IMG\img1515.jpg,0
C:\Users\MSI\Desktop\bottles\IMG\img1516.jpg,0
C:\Users\MSI\Desktop\bottles\IMG\img1517.jpg,0
C:\Users\MSI\Desktop\bottles\IMG\img1518.jpg,0
C:\Users\MSI\Desktop\bottles\IMG\img1519.jpg,0
C:\Users\MSI\Desktop\bottles\IMG\img1520.jpg,0
C:\Users\MSI\Desktop\bottles\IMG\img1521.jpg,0
C:\Users\MSI\Desktop\bottles\IMG\img1522.jpg,0
C:\Users\MSI\Desktop\bottles\IMG\img1523.jpg,0
C:\Users\MSI\Desktop\bottles\IMG\img1524.jpg,0
C:\Users\MSI\Desktop\bottles\IMG\img1525.jpg,0
C:\Users\MSI\Desktop\bottles\IMG\img1526.jpg,0
C:\Users\MSI\Desktop\bottles\IMG\img1527.jpg,0
C:\Users\MSI\Desktop\bottles\IMG\img1528.jpg,0
C:\Users\MSI\Desktop\bottles\IMG\img1529.jpg,0
C:\Users\MSI\Desktop\bottles\IMG\img1530.jpg,0
C:\Users\MSI\Desktop\bottles\IMG\img1531.jpg,0
C:\Users\MSI\Desktop\bottles\IMG\img1532.jpg,0
C:\Users\MSI\Desktop\bottles\IMG\img1533.jpg,0
C:\Users\MSI\Desktop\bottles\IMG\img1534.jpg,0
C:\Users\MSI\Desktop\bottles\IMG\img1535.jpg,0
C:\Users\MSI\Desktop\bottles\IMG\img1536.jpg,0
C:\Users\MSI\Desktop\bottles\IMG\img1537.jpg,0
C:\Users\MSI\Desktop\bottles\IMG\img1538.jpg,0
C:\Users\MSI\Desktop\bottles\IMG\img1539.jpg,0
C:\Users\MSI\Desktop\bottles\IMG\img1540.jpg,0
C:\Users\MSI\Desktop\bottles\IMG\img1541.jpg,0
C:\Users\MSI\Desktop\bottles\IMG\img1542.jpg,0
C:\Users\MSI\Desktop\bottles\IMG\img1543.jpg,0
C:\Users\MSI\Desktop\bottles\IMG\img1544.jpg,0
C:\Users\MSI\Desktop\bottles\IMG\img1545.jpg,0
C:\Users\MSI\Desktop\bottles\IMG\img1546.jpg,0
C:\Users\MSI\Desktop\bottles\IMG\img1547.jpg,0
C:\Users\MSI\Desktop\bottles\IMG\img1548.jpg,0
C:\Users\MSI\Desktop\bottles\IMG\img1549.jpg,0
C:\Users\MSI\Desktop\bottles\IMG\img1550.jpg,0
C:\Users\MSI\Desktop\bottles\IMG\img1551.jpg,0
C:\Users\MSI\Desktop\bottles\IMG\img1552.jpg,0
C:\Users\MSI\Desktop\bottles\IMG\img1553.jpg,0
C:\Users\MSI\Desktop\bottles\IMG\img1554.jpg,0
C:\Users\MSI\Desktop\bottles\IMG\img1555.jpg,0
C:\Users\MSI\Desktop\bottles\IMG\img1556.jpg,0
C:\Users\MSI\Desktop\bottles\IMG\img1557.jpg,0
C:\Users\MSI\Desktop\bottles\IMG\img1558.jpg,0
C:\Users\MSI\Desktop\bottles\IMG\img1559.jpg,0
C:\Users\MSI\Desktop\bottles\IMG\img1560.jpg,0
C:\Users\MSI\Desktop\bottles\IMG\img1561.jpg,0
C:\Users\MSI\Desktop\bottles\IMG\img1562.jpg,0
C:\Users\MSI\Desktop\bottles\IMG\img1563.jpg,0
C:\Users\MSI\Desktop\bottles\IMG\img1564.jpg,0
C:\Users\MSI\Desktop\bottles\IMG\img1565.jpg,0
C:\Users\MSI\Desktop\bottles\IMG\img1566.jpg,0
C:\Users\MSI\Desktop\bottles\IMG\img1567.jpg,0
C:\Users\MSI\Desktop\bottles\IMG\img1568.jpg,0
C:\Users\MSI\Desktop\bottles\IMG\img1569.jpg,0
C:\Users\MSI\Desktop\bottles\IMG\img1570.jpg,0
C:\Users\MSI\Desktop\bottles\IMG\img1571.jpg,0
C:\Users\MSI\Desktop\bottles\IMG\img1572.jpg,0
C:\Users\MSI\Desktop\bottles\IMG\img1573.jpg,0
C:\Users\MSI\Desktop\bottles\IMG\img1574.jpg,0
C:\Users\MSI\Desktop\bottles\IMG\img1575.jpg,0
C:\Users\MSI\Desktop\bottles\IMG\img1576.jpg,0
C:\Users\MSI\Desktop\bottles\IMG\img1577.jpg,0
C:\Users\MSI\Desktop\bottles\IMG\img1578.jpg,0
C:\Users\MSI\Desktop\bottles\IMG\img1579.jpg,0
C:\Users\MSI\Desktop\bottles\IMG\img1580.jpg,0
C:\Users\MSI\Desktop\bottles\IMG\img1581.jpg,0
C:\Users\MSI\Desktop\bottles\IMG\img1582.jpg,0
C:\Users\MSI\Desktop\bottles\IMG\img1583.jpg,0
C:\Users\MSI\Desktop\bottles\IMG\img1584.jpg,0
C:\Users\MSI\Desktop\bottles\IMG\img1585.jpg,0
C:\Users\MSI\Desktop\bottles\IMG\img1586.jpg,0
C:\Users\MSI\Desktop\bottles\IMG\img1587.jpg,0
C:\Users\MSI\Desktop\bottles\IMG\img1588.jpg,0
C:\Users\MSI\Desktop\bottles\IMG\img1589.jpg,0
C:\Users\MSI\Desktop\bottles\IMG\img1590.jpg,0
C:\Users\MSI\Desktop\bottles\IMG\img1591.jpg,0
C:\Users\MSI\Desktop\bottles\IMG\img1592.jpg,0
C:\Users\MSI\Desktop\bottles\IMG\img1593.jpg,0
C:\Users\MSI\Desktop\bottles\IMG\img1594.jpg,0
C:\Users\MSI\Desktop\bottles\IMG\img1595.jpg,0
C:\Users\MSI\Desktop\bottles\IMG\img1596.jpg,0
C:\Users\MSI\Desktop\bottles\IMG\img1597.jpg,0
C:\Users\MSI\Desktop\bottles\IMG\img1598.jpg,0
C:\Users\MSI\Desktop\bottles\IMG\img1599.jpg,0
C:\Users\MSI\Desktop\bottles\IMG\img1600.jpg,0
C:\Users\MSI\Desktop\bottles\IMG\img1601.jpg,0
C:\Users\MSI\Desktop\bottles\IMG\img1602.jpg,0
C:\Users\MSI\Desktop\bottles\IMG\img1603.jpg,0
C:\Users\MSI\Desktop\bottles\IMG\img1604.jpg,0
C:\Users\MSI\Desktop\bottles\IMG\img1605.jpg,0
C:\Users\MSI\Desktop\bottles\IMG\img1606.jpg,0
C:\Users\MSI\Desktop\bottles\IMG\img1607.jpg,0
C:\Users\MSI\Desktop\bottles\IMG\img1608.jpg,0
C:\Users\MSI\Desktop\bottles\IMG\img1609.jpg,0
C:\Users\MSI\Desktop\bottles\IMG\img1610.jpg,0
C:\Users\MSI\Desktop\bottles\IMG\img1611.jpg,0
C:\Users\MSI\Desktop\bottles\IMG\img1612.jpg,0
C:\Users\MSI\Desktop\bottles\IMG\img1613.jpg,0
C:\Users\MSI\Desktop\bottles\IMG\img1614.jpg,0
C:\Users\MSI\Desktop\bottles\IMG\img1615.jpg,0
C:\Users\MSI\Desktop\bottles\IMG\img1616.jpg,0
C:\Users\MSI\Desktop\bottles\IMG\img1617.jpg,0
C:\Users\MSI\Desktop\bottles\IMG\img1618.jpg,0
C:\Users\MSI\Desktop\bottles\IMG\img1619.jpg,0
C:\Users\MSI\Desktop\bottles\IMG\img1620.jpg,0
C:\Users\MSI\Desktop\bottles\IMG\img1621.jpg,0
C:\Users\MSI\Desktop\bottles\IMG\img1622.jpg,0
C:\Users\MSI\Desktop\bottles\IMG\img1623.jpg,0
C:\Users\MSI\Desktop\bottles\IMG\img1624.jpg,0
C:\Users\MSI\Desktop\bottles\IMG\img1625.jpg,0
C:\Users\MSI\Desktop\bottles\IMG\img1626.jpg,0
C:\Users\MSI\Desktop\bottles\IMG\img1627.jpg,0
C:\Users\MSI\Desktop\bottles\IMG\img1628.jpg,0
C:\Users\MSI\Desktop\bottles\IMG\img1629.jpg,0
C:\Users\MSI\Desktop\bottles\IMG\img1630.jpg,0
C:\Users\MSI\Desktop\bottles\IMG\img1631.jpg,0
C:\Users\MSI\Desktop\bottles\IMG\img1632.jpg,0
C:\Users\MSI\Desktop\bottles\IMG\img1633.jpg,0
C:\Users\MSI\Desktop\bottles\IMG\img1634.jpg,0
C:\Users\MSI\Desktop\bottles\IMG\img1635.jpg,0
C:\Users\MSI\Desktop\bottles\IMG\img1636.jpg,0
C:\Users\MSI\Desktop\bottles\IMG\img1637.jpg,0
C:\Users\MSI\Desktop\bottles\IMG\img1638.jpg,0
C:\Users\MSI\Desktop\bottles\IMG\img1639.jpg,0
C:\Users\MSI\Desktop\bottles\IMG\img1640.jpg,0
C:\Users\MSI\Desktop\bottles\IMG\img1641.jpg,0
C:\Users\MSI\Desktop\bottles\IMG\img1642.jpg,0
C:\Users\MSI\Desktop\bottles\IMG\img1643.jpg,0
C:\Users\MSI\Desktop\bottles\IMG\img1644.jpg,0
C:\Users\MSI\Desktop\bottles\IMG\img1645.jpg,0
C:\Users\MSI\Desktop\bottles\IMG\img1646.jpg,0
C:\Users\MSI\Desktop\bottles\IMG\img1647.jpg,0
C:\Users\MSI\Desktop\bottles\IMG\img1648.jpg,0
C:\Users\MSI\Desktop\bottles\IMG\img1649.jpg,0
C:\Users\MSI\Desktop\bottles\IMG\img1650.jpg,0
C:\Users\MSI\Desktop\bottles\IMG\img1651.jpg,0
C:\Users\MSI\Desktop\bottles\IMG\img1652.jpg,0
C:\Users\MSI\Desktop\bottles\IMG\img1653.jpg,0
C:\Users\MSI\Desktop\bottles\IMG\img1654.jpg,0
C:\Users\MSI\Desktop\bottles\IMG\img1655.jpg,0
C:\Users\MSI\Desktop\bottles\IMG\img1656.jpg,0
C:\Users\MSI\Desktop\bottles\IMG\img1657.jpg,0
C:\Users\MSI\Desktop\bottles\IMG\img1658.jpg,0
C:\Users\MSI\Desktop\bottles\IMG\img1659.jpg,0
C:\Users\MSI\Desktop\bottles\IMG\img1660.jpg,0
C:\Users\MSI\Desktop\bottles\IMG\img1661.jpg,0
C:\Users\MSI\Desktop\bottles\IMG\img1662.jpg,0
C:\Users\MSI\Desktop\bottles\IMG\img1663.jpg,0
C:\Users\MSI\Desktop\bottles\IMG\img1664.jpg,0
C:\Users\MSI\Desktop\bottles\IMG\img1665.jpg,0
C:\Users\MSI\Desktop\bottles\IMG\img1666.jpg,0
C:\Users\MSI\Desktop\bottles\IMG\img1667.jpg,0
C:\Users\MSI\Desktop\bottles\IMG\img1668.jpg,0
C:\Users\MSI\Desktop\bottles\IMG\img1669.jpg,0
C:\Users\MSI\Desktop\bottles\IMG\img1670.jpg,0
C:\Users\MSI\Desktop\bottles\IMG\img1671.jpg,0
C:\Users\MSI\Desktop\bottles\IMG\img1672.jpg,0
C:\Users\MSI\Desktop\bottles\IMG\img1673.jpg,0
C:\Users\MSI\Desktop\bottles\IMG\img1674.jpg,0
C:\Users\MSI\Desktop\bottles\IMG\img1675.jpg,0
C:\Users\MSI\Desktop\bottles\IMG\img1676.jpg,0
C:\Users\MSI\Desktop\bottles\IMG\img1677.jpg,0
C:\Users\MSI\Desktop\bottles\IMG\img1678.jpg,0
C:\Users\MSI\Desktop\bottles\IMG\img1679.jpg,0
C:\Users\MSI\Desktop\bottles\IMG\img1680.jpg,0
C:\Users\MSI\Desktop\bottles\IMG\img1681.jpg,0
C:\Users\MSI\Desktop\bottles\IMG\img1682.jpg,0
C:\Users\MSI\Desktop\bottles\IMG\img1683.jpg,0
C:\Users\MSI\Desktop\bottles\IMG\img1684.jpg,0
C:\Users\MSI\Desktop\bottles\IMG\img1685.jpg,0
C:\Users\MSI\Desktop\bottles\IMG\img1686.jpg,0
C:\Users\MSI\Desktop\bottles\IMG\img1687.jpg,0
C:\Users\MSI\Desktop\bottles\IMG\img1688.jpg,0
C:\Users\MSI\Desktop\bottles\IMG\img1689.jpg,0
C:\Users\MSI\Desktop\bottles\IMG\img1690.jpg,0
C:\Users\MSI\Desktop\bottles\IMG\img1691.jpg,0
C:\Users\MSI\Desktop\bottles\IMG\img1692.jpg,0
C:\Users\MSI\Desktop\bottles\IMG\img1693.jpg,0
C:\Users\MSI\Desktop\bottles\IMG\img1694.jpg,0
C:\Users\MSI\Desktop\bottles\IMG\img1695.jpg,0
C:\Users\MSI\Desktop\bottles\IMG\img1696.jpg,0
C:\Users\MSI\Desktop\bottles\IMG\img1697.jpg,0
C:\Users\MSI\Desktop\bottles\IMG\img1698.jpg,0
C:\Users\MSI\Desktop\bottles\IMG\img1699.jpg,0
C:\Users\MSI\Desktop\bottles\IMG\img1700.jpg,0
C:\Users\MSI\Desktop\bottles\IMG\img1701.jpg,0
C:\Users\MSI\Desktop\bottles\IMG\img1702.jpg,0
C:\Users\MSI\Desktop\bottles\IMG\img1703.jpg,0
C:\Users\MSI\Desktop\bottles\IMG\img1704.jpg,0
C:\Users\MSI\Desktop\bottles\IMG\img1705.jpg,0
C:\Users\MSI\Desktop\bottles\IMG\img1706.jpg,0
C:\Users\MSI\Desktop\bottles\IMG\img1707.jpg,0
C:\Users\MSI\Desktop\bottles\IMG\img1708.jpg,0
C:\Users\MSI\Desktop\bottles\IMG\img1709.jpg,0
C:\Users\MSI\Desktop\bottles\IMG\img1710.jpg,0
C:\Users\MSI\Desktop\bottles\IMG\img1711.jpg,0
C:\Users\MSI\Desktop\bottles\IMG\img1712.jpg,0
C:\Users\MSI\Desktop\bottles\IMG\img1713.jpg,0
C:\Users\MSI\Desktop\bottles\IMG\img1714.jpg,0
C:\Users\MSI\Desktop\bottles\IMG\img1715.jpg,0
C:\Users\MSI\Desktop\bottles\IMG\img1716.jpg,0
C:\Users\MSI\Desktop\bottles\IMG\img1717.jpg,0
C:\Users\MSI\Desktop\bottles\IMG\img1718.jpg,0
C:\Users\MSI\Desktop\bottles\IMG\img1719.jpg,0
C:\Users\MSI\Desktop\bottles\IMG\img1720.jpg,0
C:\Users\MSI\Desktop\bottles\IMG\img1721.jpg,0
C:\Users\MSI\Desktop\bottles\IMG\img1722.jpg,0
C:\Users\MSI\Desktop\bottles\IMG\img1723.jpg,0
C:\Users\MSI\Desktop\bottles\IMG\img1724.jpg,0
C:\Users\MSI\Desktop\bottles\IMG\img1725.jpg,0
C:\Users\MSI\Desktop\bottles\IMG\img1726.jpg,0
C:\Users\MSI\Desktop\bottles\IMG\img1727.jpg,0
C:\Users\MSI\Desktop\bottles\IMG\img1728.jpg,0
C:\Users\MSI\Desktop\bottles\IMG\img1729.jpg,0
C:\Users\MSI\Desktop\bottles\IMG\img1730.jpg,0
C:\Users\MSI\Desktop\bottles\IMG\img1731.jpg,0
C:\Users\MSI\Desktop\bottles\IMG\img1732.jpg,0
C:\Users\MSI\Desktop\bottles\IMG\img1733.jpg,0
C:\Users\MSI\Desktop\bottles\IMG\img1734.jpg,0
C:\Users\MSI\Desktop\bottles\IMG\img1735.jpg,0
C:\Users\MSI\Desktop\bottles\IMG\img1736.jpg,0
C:\Users\MSI\Desktop\bottles\IMG\img1737.jpg,0
C:\Users\MSI\Desktop\bottles\IMG\img1738.jpg,0
C:\Users\MSI\Desktop\bottles\IMG\img1739.jpg,0
C:\Users\MSI\Desktop\bottles\IMG\img1740.jpg,0
C:\Users\MSI\Desktop\bottles\IMG\img1741.jpg,0
C:\Users\MSI\Desktop\bottles\IMG\img1742.jpg,0
C:\Users\MSI\Desktop\bottles\IMG\img1743.jpg,0
C:\Users\MSI\Desktop\bottles\IMG\img1744.jpg,0
C:\Users\MSI\Desktop\bottles\IMG\img1745.jpg,0
C:\Users\MSI\Desktop\bottles\IMG\img1746.jpg,0
C:\Users\MSI\Desktop\bottles\IMG\img1747.jpg,0
C:\Users\MSI\Desktop\bottles\IMG\img1748.jpg,0
C:\Users\MSI\Desktop\bottles\IMG\img1749.jpg,0
C:\Users\MSI\Desktop\bottles\IMG\img1750.jpg,0
C:\Users\MSI\Desktop\bottles\IMG\img1751.jpg,0
C:\Users\MSI\Desktop\bottles\IMG\img1752.jpg,0
C:\Users\MSI\Desktop\bottles\IMG\img1753.jpg,0
C:\Users\MSI\Desktop\bottles\IMG\img1754.jpg,0
C:\Users\MSI\Desktop\bottles\IMG\img1755.jpg,0
C:\Users\MSI\Desktop\bottles\IMG\img1756.jpg,0
C:\Users\MSI\Desktop\bottles\IMG\img1757.jpg,0
C:\Users\MSI\Desktop\bottles\IMG\img1758.jpg,0
C:\Users\MSI\Desktop\bottles\IMG\img1759.jpg,0
C:\Users\MSI\Desktop\bottles\IMG\img1760.jpg,0
C:\Users\MSI\Desktop\bottles\IMG\img1761.jpg,0
C:\Users\MSI\Desktop\bottles\IMG\img1762.jpg,0
C:\Users\MSI\Desktop\bottles\IMG\img1763.jpg,0
C:\Users\MSI\Desktop\bottles\IMG\img1764.jpg,0
C:\Users\MSI\Desktop\bottles\IMG\img1765.jpg,0
C:\Users\MSI\Desktop\bottles\IMG\img1766.jpg,0
C:\Users\MSI\Desktop\bottles\IMG\img1767.jpg,0
C:\Users\MSI\Desktop\bottles\IMG\img1768.jpg,0
C:\Users\MSI\Desktop\bottles\IMG\img1769.jpg,0
C:\Users\MSI\Desktop\bottles\IMG\img1770.jpg,0
C:\Users\MSI\Desktop\bottles\IMG\img1771.jpg,0
C:\Users\MSI\Desktop\bottles\IMG\img1772.jpg,0
C:\Users\MSI\Desktop\bottles\IMG\img1773.jpg,0
C:\Users\MSI\Desktop\bottles\IMG\img1774.jpg,0
C:\Users\MSI\Desktop\bottles\IMG\img1775.jpg,0
C:\Users\MSI\Desktop\bottles\IMG\img1776.jpg,0
C:\Users\MSI\Desktop\bottles\IMG\img1777.jpg,0
C:\Users\MSI\Desktop\bottles\IMG\img1778.jpg,0
C:\Users\MSI\Desktop\bottles\IMG\img1779.jpg,0
C:\Users\MSI\Desktop\bottles\IMG\img1780.jpg,0
C:\Users\MSI\Desktop\bottles\IMG\img1781.jpg,0
C:\Users\MSI\Desktop\bottles\IMG\img1782.jpg,0
C:\Users\MSI\Desktop\bottles\IMG\img1783.jpg,0
C:\Users\MSI\Desktop\bottles\IMG\img1784.jpg,0
C:\Users\MSI\Desktop\bottles\IMG\img1785.jpg,0
C:\Users\MSI\Desktop\bottles\IMG\img1786.jpg,0
C:\Users\MSI\Desktop\bottles\IMG\img1787.jpg,0
C:\Users\MSI\Desktop\bottles\IMG\img1788.jpg,0
C:\Users\MSI\Desktop\bottles\IMG\img1789.jpg,0
C:\Users\MSI\Desktop\bottles\IMG\img1790.jpg,0
C:\Users\MSI\Desktop\bottles\IMG\img1791.jpg,0
C:\Users\MSI\Desktop\bottles\IMG\img1792.jpg,0
C:\Users\MSI\Desktop\bottles\IMG\img1793.jpg,0
C:\Users\MSI\Desktop\bottles\IMG\img1794.jpg,0
C:\Users\MSI\Desktop\bottles\IMG\img1795.jpg,0
C:\Users\MSI\Desktop\bottles\IMG\img1796.jpg,0
C:\Users\MSI\Desktop\bottles\IMG\img1797.jpg,0
C:\Users\MSI\Desktop\bottles\IMG\img1798.jpg,0
C:\Users\MSI\Desktop\bottles\IMG\img1799.jpg,0
C:\Users\MSI\Desktop\bottles\IMG\img1800.jpg,0
C:\Users\MSI\Desktop\bottles\IMG\img1801.jpg,0
C:\Users\MSI\Desktop\bottles\IMG\img1802.jpg,0
C:\Users\MSI\Desktop\bottles\IMG\img1803.jpg,0
C:\Users\MSI\Desktop\bottles\IMG\img1804.jpg,0
C:\Users\MSI\Desktop\bottles\IMG\img1805.jpg,0
C:\Users\MSI\Desktop\bottles\IMG\img1806.jpg,0
C:\Users\MSI\Desktop\bottles\IMG\img1807.jpg,0
C:\Users\MSI\Desktop\bottles\IMG\img1808.jpg,0
C:\Users\MSI\Desktop\bottles\IMG\img1809.jpg,0
C:\Users\MSI\Desktop\bottles\IMG\img1810.jpg,0
C:\Users\MSI\Desktop\bottles\IMG\img1811.jpg,0
C:\Users\MSI\Desktop\bottles\IMG\img1812.jpg,0
C:\Users\MSI\Desktop\bottles\IMG\img1813.jpg,0
C:\Users\MSI\Desktop\bottles\IMG\img1814.jpg,0
C:\Users\MSI\Desktop\bottles\IMG\img1815.jpg,0
C:\Users\MSI\Desktop\bottles\IMG\img1816.jpg,0
C:\Users\MSI\Desktop\bottles\IMG\img1817.jpg,0
C:\Users\MSI\Desktop\bottles\IMG\img1818.jpg,0
C:\Users\MSI\Desktop\bottles\IMG\img1819.jpg,0
C:\Users\MSI\Desktop\bottles\IMG\img1820.jpg,0
C:\Users\MSI\Desktop\bottles\IMG\img1821.jpg,0
C:\Users\MSI\Desktop\bottles\IMG\img1822.jpg,0
C:\Users\MSI\Desktop\bottles\IMG\img1823.jpg,0
C:\Users\MSI\Desktop\bottles\IMG\img1824.jpg,0
C:\Users\MSI\Desktop\bottles\IMG\img1825.jpg,0
C:\Users\MSI\Desktop\bottles\IMG\img1826.jpg,0
C:\Users\MSI\Desktop\bottles\IMG\img1827.jpg,0
C:\Users\MSI\Desktop\bottles\IMG\img1828.jpg,0
C:\Users\MSI\Desktop\bottles\IMG\img1829.jpg,0
C:\Users\MSI\Desktop\bottles\IMG\img1830.jpg,0
C:\Users\MSI\Desktop\bottles\IMG\img1831.jpg,0
C:\Users\MSI\Desktop\bottles\IMG\img1832.jpg,0
C:\Users\MSI\Desktop\bottles\IMG\img1833.jpg,0
C:\Users\MSI\Desktop\bottles\IMG\img1834.jpg,0
C:\Users\MSI\Desktop\bottles\IMG\img1835.jpg,0
C:\Users\MSI\Desktop\bottles\IMG\img1836.jpg,0
C:\Users\MSI\Desktop\bottles\IMG\img1837.jpg,0
C:\Users\MSI\Desktop\bottles\IMG\img1838.jpg,0
C:\Users\MSI\Desktop\bottles\IMG\img1839.jpg,0
C:\Users\MSI\Desktop\bottles\IMG\img1840.jpg,0
C:\Users\MSI\Desktop\bottles\IMG\img1841.jpg,0
C:\Users\MSI\Desktop\bottles\IMG\img1842.jpg,0
C:\Users\MSI\Desktop\bottles\IMG\img1843.jpg,0
C:\Users\MSI\Desktop\bottles\IMG\img1844.jpg,0
C:\Users\MSI\Desktop\bottles\IMG\img1845.jpg,0
C:\Users\MSI\Desktop\bottles\IMG\img1846.jpg,0
C:\Users\MSI\Desktop\bottles\IMG\img1847.jpg,0
C:\Users\MSI\Desktop\bottles\IMG\img1848.jpg,0
C:\Users\MSI\Desktop\bottles\IMG\img1849.jpg,0
C:\Users\MSI\Desktop\bottles\IMG\img1850.jpg,0
C:\Users\MSI\Desktop\bottles\IMG\img1851.jpg,0
C:\Users\MSI\Desktop\bottles\IMG\img1852.jpg,0
C:\Users\MSI\Desktop\bottles\IMG\img1853.jpg,0
C:\Users\MSI\Desktop\bottles\IMG\img1854.jpg,0
C:\Users\MSI\Desktop\bottles\IMG\img1855.jpg,0
C:\Users\MSI\Desktop\bottles\IMG\img1856.jpg,0
C:\Users\MSI\Desktop\bottles\IMG\img1857.jpg,0
C:\Users\MSI\Desktop\bottles\IMG\img1858.jpg,0
C:\Users\MSI\Desktop\bottles\IMG\img1859.jpg,0
C:\Users\MSI\Desktop\bottles\IMG\img1860.jpg,0
C:\Users\MSI\Desktop\bottles\IMG\img1861.jpg,0
C:\Users\MSI\Desktop\bottles\IMG\img1862.jpg,0
C:\Users\MSI\Desktop\bottles\IMG\img1863.jpg,0
C:\Users\MSI\Desktop\bottles\IMG\img1864.jpg,0
C:\Users\MSI\Desktop\bottles\IMG\img1865.jpg,0
C:\Users\MSI\Desktop\bottles\IMG\img1866.jpg,0
C:\Users\MSI\Desktop\bottles\IMG\img1867.jpg,0
C:\Users\MSI\Desktop\bottles\IMG\img1868.jpg,0
C:\Users\MSI\Desktop\bottles\IMG\img1869.jpg,0
C:\Users\MSI\Desktop\bottles\IMG\img1870.jpg,0
C:\Users\MSI\Desktop\bottles\IMG\img1871.jpg,0
C:\Users\MSI\Desktop\bottles\IMG\img1872.jpg,0
C:\Users\MSI\Desktop\bottles\IMG\img1873.jpg,0
C:\Users\MSI\Desktop\bottles\IMG\img1874.jpg,0
C:\Users\MSI\Desktop\bottles\IMG\img1875.jpg,0
C:\Users\MSI\Desktop\bottles\IMG\img1876.jpg,0
C:\Users\MSI\Desktop\bottles\IMG\img1877.jpg,0
C:\Users\MSI\Desktop\bottles\IMG\img1878.jpg,0
C:\Users\MSI\Desktop\bottles\IMG\img1879.jpg,0
C:\Users\MSI\Desktop\bottles\IMG\img1880.jpg,0
C:\Users\MSI\Desktop\bottles\IMG\img1881.jpg,0
C:\Users\MSI\Desktop\bottles\IMG\img1882.jpg,0
C:\Users\MSI\Desktop\bottles\IMG\img1883.jpg,0
C:\Users\MSI\Desktop\bottles\IMG\img1884.jpg,0
C:\Users\MSI\Desktop\bottles\IMG\img1885.jpg,0
C:\Users\MSI\Desktop\bottles\IMG\img1886.jpg,0
C:\Users\MSI\Desktop\bottles\IMG\img1887.jpg,0
C:\Users\MSI\Desktop\bottles\IMG\img1888.jpg,0
C:\Users\MSI\Desktop\bottles\IMG\img1889.jpg,0
C:\Users\MSI\Desktop\bottles\IMG\img1890.jpg,0
C:\Users\MSI\Desktop\bottles\IMG\img1891.jpg,0
C:\Users\MSI\Desktop\bottles\IMG\img1892.jpg,0
C:\Users\MSI\Desktop\bottles\IMG\img1893.jpg,0
C:\Users\MSI\Desktop\bottles\IMG\img1894.jpg,0
C:\Users\MSI\Desktop\bottles\IMG\img1895.jpg,0
C:\Users\MSI\Desktop\bottles\IMG\img1896.jpg,0
C:\Users\MSI\Desktop\bottles\IMG\img1897.jpg,0
C:\Users\MSI\Desktop\bottles\IMG\img1898.jpg,0
C:\Users\MSI\Desktop\bottles\IMG\img1899.jpg,0
C:\Users\MSI\Desktop\bottles\IMG\img1900.jpg,0
C:\Users\MSI\Desktop\bottles\IMG\img1901.jpg,0
C:\Users\MSI\Desktop\bottles\IMG\img1902.jpg,0
C:\Users\MSI\Desktop\bottles\IMG\img1903.jpg,0
C:\Users\MSI\Desktop\bottles\IMG\img1904.jpg,0
C:\Users\MSI\Desktop\bottles\IMG\img1905.jpg,0
C:\Users\MSI\Desktop\bottles\IMG\img1906.jpg,0
C:\Users\MSI\Desktop\bottles\IMG\img1907.jpg,0
C:\Users\MSI\Desktop\bottles\IMG\img1908.jpg,0
C:\Users\MSI\Desktop\bottles\IMG\img1909.jpg,0
C:\Users\MSI\Desktop\bottles\IMG\img1910.jpg,0
C:\Users\MSI\Desktop\bottles\IMG\img1911.jpg,0
C:\Users\MSI\Desktop\bottles\IMG\img1912.jpg,0
C:\Users\MSI\Desktop\bottles\IMG\img1913.jpg,0
C:\Users\MSI\Desktop\bottles\IMG\img1914.jpg,0
C:\Users\MSI\Desktop\bottles\IMG\img1915.jpg,0
C:\Users\MSI\Desktop\bottles\IMG\img1916.jpg,0
C:\Users\MSI\Desktop\bottles\IMG\img1917.jpg,0
C:\Users\MSI\Desktop\bottles\IMG\img1918.jpg,0
C:\Users\MSI\Desktop\bottles\IMG\img1919.jpg,0
C:\Users\MSI\Desktop\bottles\IMG\img1920.jpg,0
C:\Users\MSI\Desktop\bottles\IMG\img1921.jpg,0
C:\Users\MSI\Desktop\bottles\IMG\img1922.jpg,0
C:\Users\MSI\Desktop\bottles\IMG\img1923.jpg,0
C:\Users\MSI\Desktop\bottles\IMG\img1924.jpg,0
C:\Users\MSI\Desktop\bottles\IMG\img1925.jpg,0
C:\Users\MSI\Desktop\bottles\IMG\img1926.jpg,0
C:\Users\MSI\Desktop\bottles\IMG\img1927.jpg,0
C:\Users\MSI\Desktop\bottles\IMG\img1928.jpg,0
C:\Users\MSI\Desktop\bottles\IMG\img1929.jpg,0
C:\Users\MSI\Desktop\bottles\IMG\img1930.jpg,0
C:\Users\MSI\Desktop\bottles\IMG\img1931.jpg,0
C:\Users\MSI\Desktop\bottles\IMG\img1932.jpg,0
C:\Users\MSI\Desktop\bottles\IMG\img1933.jpg,0
C:\Users\MSI\Desktop\bottles\IMG\img1934.jpg,0
C:\Users\MSI\Desktop\bottles\IMG\img1935.jpg,0
C:\Users\MSI\Desktop\bottles\IMG\img1936.jpg,0
C:\Users\MSI\Desktop\bottles\IMG\img1937.jpg,0
C:\Users\MSI\Desktop\bottles\IMG\img1938.jpg,0
C:\Users\MSI\Desktop\bottles\IMG\img1939.jpg,0
C:\Users\MSI\Desktop\bottles\IMG\img1940.jpg,0
C:\Users\MSI\Desktop\bottles\IMG\img1941.jpg,0
C:\Users\MSI\Desktop\bottles\IMG\img1942.jpg,0
C:\Users\MSI\Desktop\bottles\IMG\img1943.jpg,0
C:\Users\MSI\Desktop\bottles\IMG\img1944.jpg,0
C:\Users\MSI\Desktop\bottles\IMG\img1945.jpg,0
C:\Users\MSI\Desktop\bottles\IMG\img1946.jpg,0
C:\Users\MSI\Desktop\bottles\IMG\img1947.jpg,0
C:\Users\MSI\Desktop\bottles\IMG\img1948.jpg,0
C:\Users\MSI\Desktop\bottles\IMG\img1949.jpg,0
C:\Users\MSI\Desktop\bottles\IMG\img1950.jpg,0
C:\Users\MSI\Desktop\bottles\IMG\img1951.jpg,0
C:\Users\MSI\Desktop\bottles\IMG\img1952.jpg,0
C:\Users\MSI\Desktop\bottles\IMG\img1953.jpg,0
C:\Users\MSI\Desktop\bottles\IMG\img1954.jpg,0
C:\Users\MSI\Desktop\bottles\IMG\img1955.jpg,0
C:\Users\MSI\Desktop\bottles\IMG\img1956.jpg,0
C:\Users\MSI\Desktop\bottles\IMG\img1957.jpg,0
C:\Users\MSI\Desktop\bottles\IMG\img1958.jpg,0
C:\Users\MSI\Desktop\bottles\IMG\img1959.jpg,0
C:\Users\MSI\Desktop\bottles\IMG\img1960.jpg,0
C:\Users\MSI\Desktop\bottles\IMG\img1961.jpg,0
C:\Users\MSI\Desktop\bottles\IMG\img1962.jpg,0
C:\Users\MSI\Desktop\bottles\IMG\img1963.jpg,0
C:\Users\MSI\Desktop\bottles\IMG\img1964.jpg,0
C:\Users\MSI\Desktop\bottles\IMG\img1965.jpg,0
C:\Users\MSI\Desktop\bottles\IMG\img1966.jpg,0
C:\Users\MSI\Desktop\bottles\IMG\img1967.jpg,0
C:\Users\MSI\Desktop\bottles\IMG\img1968.jpg,0
C:\Users\MSI\Desktop\bottles\IMG\img1969.jpg,0
C:\Users\MSI\Desktop\bottles\IMG\img1970.jpg,0
C:\Users\MSI\Desktop\bottles\IMG\img1971.jpg,0
C:\Users\MSI\Desktop\bottles\IMG\img1972.jpg,0
C:\Users\MSI\Desktop\bottles\IMG\img1973.jpg,0
C:\Users\MSI\Desktop\bottles\IMG\img1974.jpg,0
C:\Users\MSI\Desktop\bottles\IMG\img1975.jpg,0
C:\Users\MSI\Desktop\bottles\IMG\img1976.jpg,0
C:\Users\MSI\Desktop\bottles\IMG\img1977.jpg,0
C:\Users\MSI\Desktop\bottles\IMG\img1978.jpg,0
C:\Users\MSI\Desktop\bottles\IMG\img1979.jpg,0
C:\Users\MSI\Desktop\bottles\IMG\img1980.jpg,0
C:\Users\MSI\Desktop\bottles\IMG\img1981.jpg,0
C:\Users\MSI\Desktop\bottles\IMG\img1982.jpg,0
